9/9/2017,2113.73,618.6
9/10/2017,1007.64,120.17
9/11/2017,355.28,37.98
9/12/2017,509.48,10.4
9/13/2017,1634.91,0
9/14/2017,392.01,50.05
9/15/2017,647.29,71.15
9/16/2017,651.75,44.93
9/17/2017,946.74,413.38
9/18/2017,825.33,21.35
9/19/2017,908.54,82.48
9/20/2017,1187.04,0
9/21/2017,747.81,0
9/22/2017,878.58,317.11
9/23/2017,999.9,111.11
9/24/2017,657.57,99.66
9/25/2017,1114.64,92.58
9/26/2017,630.4,7.28
9/27/2017,559.59,90.39
9/28/2017,723.64,186.04
9/29/2017,902.44,152.37
9/30/2017,1166.15,118.56
10/1/2017,930.9,124.93
10/2/2017,549.2,58.95
10/3/2017,561.43,298.01
10/4/2017,667.86,266.27
10/5/2017,537.44,85.43
10/6/2017,511.57,55.08
10/7/2017,727.55,204.69
10/8/2017,1226.17,692.69
10/9/2017,513.11,72.88
10/10/2017,596.62,255.13
10/11/2017,658.69,182.04
10/12/2017,514.62,368.84
10/13/2017,817.31,280.15
10/14/2017,720.65,130.51
10/15/2017,1006.7,425.71
10/16/2017,748.16,105.82
10/17/2017,481.52,331.65
10/18/2017,844.55,220.24
10/19/2017,463.07,129.5
10/20/2017,673.93,295.17
10/21/2017,984.88,263.59
10/22/2017,1191.5,354.8
10/23/2017,819.68,254.32
10/24/2017,660.06,562.13
10/25/2017,831.92,593.65
10/26/2017,753.07,66.26
10/27/2017,786.63,428.23
10/28/2017,1006.34,486.29
10/29/2017,1117.57,280.62
10/30/2017,907.52,406.48
10/31/2017,612.06,155.63
11/1/2017,1281.56,382.85
11/2/2017,1165.78,678.29
11/3/2017,1253.25,353.92
11/4/2017,1174.11,423.47
11/5/2017,985.82,339.88
11/6/2017,575.56,119.42
11/7/2017,659.04,120.19
11/8/2017,789.76,198.46
11/9/2017,828.31,353.78
11/10/2017,602.95,204.69
11/11/2017,1129.56,269.27
11/12/2017,978.22,464.94
11/13/2017,444.28,27.92
11/14/2017,539.9,44.01
11/15/2017,1121.17,904.85
11/16/2017,735.37,208.46
11/17/2017,770.88,94.54
11/18/2017,983.01,413.92
11/19/2017,879.65,63.72
11/20/2017,675.87,376.8
11/21/2017,607.42,161.73
11/22/2017,789.28,224.01
11/23/2017,584.41,247.71
11/24/2017,607.76,244.1
11/25/2017,919.37,421.96
11/26/2017,1034.78,324.04
11/27/2017,673.39,57.03
11/28/2017,634.73,291.61
11/29/2017,818.49,282.5
11/30/2017,601.99,88.84
12/1/2017,599.53,171.66
12/2/2017,904.61,263.53
12/3/2017,971.41,723.47
12/4/2017,490.91,277.39
12/5/2017,491.57,118.12
12/6/2017,686.78,378.7
12/7/2017,586.74,206.93
12/8/2017,651.7,98.4
12/9/2017,745.06,395.77
12/10/2017,1082.62,663.34
12/11/2017,746.38,189.23
12/12/2017,448.57,99.75
12/13/2017,902.73,483.83
12/14/2017,470.98,71.33
12/15/2017,554.11,111.36
12/16/2017,823.13,464.16
12/17/2017,1087.83,666.43
12/18/2017,502.37,54.22
12/19/2017,597.16,121.89
12/20/2017,878.42,330.85
12/21/2017,793.77,73.69
12/22/2017,672.8,149.15
12/23/2017,703.18,319.76
12/24/2017,1068.29,120.4
12/25/2017,773.05,245.56
12/26/2017,566.38,275.07
12/27/2017,1057.11,340.69
12/28/2017,532.41,315.66
12/29/2017,673.85,88.14
12/30/2017,1127.82,410.69
12/31/2017,1225.16,106.72
1/1/2018,1148.22,440.37
1/2/2018,622.93,176.8
1/3/2018,764.91,186.11
1/4/2018,688.18,387.44
1/5/2018,716.06,75.58
1/6/2018,1025.65,179.4
1/7/2018,1048.87,699.1
1/8/2018,778.08,452.91
1/9/2018,705.98,71.36
1/10/2018,799.39,322.03
1/11/2018,675.68,388.13
1/12/2018,735.64,36.49
1/13/2018,923.24,435.81
1/14/2018,1014.86,609.18
1/15/2018,652.86,78.35
1/16/2018,702.81,264.11
1/17/2018,1011.65,192.72
1/18/2018,631.35,172.05
1/19/2018,623.18,108.35
1/20/2018,868.98,591.3
1/21/2018,1006.91,762.36
1/22/2018,652.16,160.5
1/23/2018,750.08,141.88
1/24/2018,857.97,405.59
1/25/2018,720.6,113.06
1/26/2018,559.55,304.41
1/27/2018,901.7,465.29
1/28/2018,976.17,250.82
1/29/2018,591.02,38.98
1/30/2018,780.45,213.78
1/31/2018,1235.24,416.16
2/1/2018,1037.95,171.64
2/2/2018,641.46,241.04
2/3/2018,839.59,234.08
2/4/2018,1165.66,322.62
2/5/2018,872.05,167.58
2/6/2018,976.24,115.06
2/7/2018,1100.48,336.35
2/8/2018,694.12,242.94
2/9/2018,761.03,290.99
2/10/2018,805.76,298.23
2/11/2018,1376.45,431.67
2/12/2018,921.04,160.57
2/13/2018,857.26,516.69
2/14/2018,1901.9,913.6
2/15/2018,1043.73,193.9
2/16/2018,1206.12,326.31
2/17/2018,932.4,530.32
2/18/2018,1300.43,649.01
2/19/2018,763.07,297.67
2/20/2018,714.38,465.8
2/21/2018,805.53,374.61
2/22/2018,669.36,168.72
2/23/2018,559.81,57.08
2/24/2018,827.77,529.24
2/25/2018,1157.99,516.47
2/26/2018,571.89,338.47
2/27/2018,549.72,99.36
2/28/2018,986.33,316.9
3/1/2018,817.22,302.85
3/2/2018,774.8,143.81
3/3/2018,880.41,210.74
3/4/2018,1055.31,326.85
3/5/2018,764.36,223.43
3/6/2018,746.58,259.52
3/7/2018,1135.5,448.28
3/8/2018,1426.15,642.73
3/9/2018,727.08,443.19
3/10/2018,922.09,250.82
3/11/2018,1188.57,527.13
3/12/2018,630.43,313.02
3/13/2018,692.36,341.52
3/14/2018,1130.95,260.17
3/15/2018,1024.07,201.02
3/16/2018,863.21,196.94
3/17/2018,911.26,383.71
3/18/2018,1223.34,629.1
3/19/2018,828.57,311.75
3/20/2018,798.11,179.51
3/21/2018,1104.18,318.66
3/22/2018,693.27,193.23
3/23/2018,1646.7,1635.79
3/24/2018,1311.83,591.09
3/25/2018,1261.07,414.03
3/26/2018,960.93,324.93
3/27/2018,719.54,169.14
3/28/2018,1438.02,833.11
3/29/2018,807.87,261.03
3/30/2018,838.8,315.52
3/31/2018,1073.41,784.6
4/1/2018,1166.89,426.5
4/2/2018,1261.25,85.47
4/3/2018,964.75,493.29
4/4/2018,1389.04,868.36
4/5/2018,802.94,248.19
4/6/2018,942.99,89.15
4/7/2018,1188.27,521.35
4/8/2018,1605.78,490.31
4/9/2018,798.07,180.38
4/10/2018,1062.52,293.25
4/11/2018,1583.01,605.35
4/12/2018,1709.42,362.19
4/13/2018,1867.18,617.04
4/14/2018,1292.89,416.11
4/15/2018,957.66,707.3
4/16/2018,732.33,22.19
4/17/2018,1070.34,370.17
4/18/2018,1131.69,381.6
4/19/2018,660.4,40.52
4/20/2018,823.42,117.26
4/21/2018,918.6,423.67
4/22/2018,1036.69,811.82
4/23/2018,612.35,116.46
4/24/2018,848.05,260.7
4/25/2018,1272.33,442.97
4/26/2018,749.82,139.78
4/27/2018,705.74,322.6
4/28/2018,1104.78,572.34
4/29/2018,1273.76,773.21
4/30/2018,849.74,231.98
5/1/2018,1084,249.77
5/2/2018,1198.98,550.37
5/3/2018,1081.76,381.33
5/4/2018,782.94,235.46
5/5/2018,1108.95,713.44
5/6/2018,1279.87,376.57
5/7/2018,747.13,236.14
5/8/2018,761.59,292.79
5/9/2018,1357.16,573.81
5/10/2018,913.41,169.49
5/11/2018,912.21,351.43
5/12/2018,1334.24,798.01
5/13/2018,975.23,310.96
5/14/2018,1046.95,381.29
5/15/2018,1094.91,508.56
5/16/2018,1384.14,437.95
5/17/2018,692.71,104.32
5/18/2018,779.07,138.67
5/19/2018,1141.25,696.87
5/20/2018,1183.05,379.3
5/21/2018,873.74,294.03
5/22/2018,702.5,109.37
5/23/2018,1315.96,521.43
5/24/2018,717.98,221.34
5/25/2018,765.35,131.96
5/26/2018,1243.56,546.59
5/27/2018,1507.44,939.76
5/28/2018,929.16,190.73
5/29/2018,793.97,126.36
5/30/2018,1516.16,1327.02
5/31/2018,751.91,162.68
6/1/2018,1247.47,667.93
6/2/2018,1394.93,334.25
6/3/2018,1453.72,459.73
6/4/2018,1307.17,499.46
6/5/2018,956.78,45.28
6/6/2018,1923.67,986.21
6/7/2018,1265.11,267.76
6/8/2018,1358.04,342.33
6/9/2018,1573.73,271.99
6/10/2018,1547.02,768.14
6/11/2018,1136.38,480.63
6/12/2018,1124.11,286.97
6/13/2018,2006.92,408.94
6/14/2018,1209.06,519.54
6/15/2018,1168.39,245.19
6/16/2018,1766.75,467.38
6/17/2018,1717.12,502.96
6/18/2018,1319.75,332.31
6/19/2018,1055.43,253.13
6/20/2018,1783.21,877.98
6/21/2018,1042.3,202.68
6/22/2018,983.6,289.22
6/23/2018,1359.46,493.18
6/24/2018,1634.75,638.75
6/25/2018,948.5,267.7
6/26/2018,1072.43,385.2
6/27/2018,1885.81,844.51
6/28/2018,1203.88,123.96
6/29/2018,1111.06,251.77
6/30/2018,1492.23,463.57
7/1/2018,2122.53,942.98
7/2/2018,1173.71,644.48
7/3/2018,1316.06,359.94
7/4/2018,2326.06,509.48
7/5/2018,1230.36,166.25
7/6/2018,1423.6,267.84
7/7/2018,1641.91,264.06
7/8/2018,1806.18,572.6
7/9/2018,1266.78,216.03
7/10/2018,1265.89,150.87
7/11/2018,2257.85,866.44
7/12/2018,1264.45,235.31
7/13/2018,1370.58,367.97
7/14/2018,1614.41,819.21
7/15/2018,1912.79,472.7
7/16/2018,1150.19,224.41
7/17/2018,1438.21,214.36
7/18/2018,2018.61,773.29
7/19/2018,1339.86,400.54
7/20/2018,1280.27,261.91
7/21/2018,1612.63,711.37
7/22/2018,1828.01,754.45
7/23/2018,1362.25,408.47
7/24/2018,1652.7,1148.79
7/25/2018,2726.13,583.9
7/26/2018,1616,263.28
7/27/2018,1777.59,207.41
7/28/2018,2862.64,683.84
7/29/2018,1224.2,345.38
7/30/2018,1676.46,453.92
7/31/2018,1462.96,357.27
8/1/2018,2038.89,882.55
8/2/2018,1268.55,573.49
8/3/2018,1164.33,292.9
8/4/2018,1618.51,677.97
8/5/2018,1968.24,273.14
8/6/2018,1202.4,454.06
8/7/2018,882,99.55
8/8/2018,2012.56,526.84
8/9/2018,1366.06,218.89
8/10/2018,1626.08,304.17
8/11/2018,1827.46,548.47
8/12/2018,2174.58,720.49
8/13/2018,1455.9,211.09
8/14/2018,1458.95,320.84
8/15/2018,2236.35,461.98
8/16/2018,1613.88,398.08
8/17/2018,1269.3,144.19
8/18/2018,1600.43,279.24
8/19/2018,2245.39,330.51
8/20/2018,1296.04,281.88
8/21/2018,1227.76,444.77
8/22/2018,2401.97,774.32
8/23/2018,1392.73,306.24
8/24/2018,2092.99,462.62
8/25/2018,1870.28,297.56
8/26/2018,1778.63,379.9
8/27/2018,1318.25,216.53
8/28/2018,1197.71,250.97
8/29/2018,2245.71,1122.8
8/30/2018,1382.91,632.19
8/31/2018,1368.09,232.08
9/1/2018,1806.38,454.04
9/2/2018,1691.49,229.59
9/3/2018,1217.14,109.01
9/4/2018,1419.4,338.7
9/5/2018,1980.76,561.14
9/6/2018,1584.57,150.58
9/7/2018,1621.03,494.39
9/8/2018,1635.74,394.93
9/9/2018,2102.4,869.57
9/10/2018,1585.7,326.71
9/11/2018,1425.95,200.86
9/12/2018,2572.37,728.34
9/13/2018,1444.36,604.28
9/14/2018,1313.82,373.13
9/15/2018,1741.34,265.11
9/16/2018,2274.7,650.51
9/17/2018,1607.67,555.44
9/18/2018,1283.42,104.49
9/19/2018,2355.26,835.84
9/20/2018,1347.32,369.12
9/21/2018,1556.94,356.06
9/22/2018,1570.72,489.24
9/23/2018,2001.7,544.04
9/24/2018,1727.93,467.42
9/25/2018,1116.93,304.28
9/26/2018,2315.82,554.73
9/27/2018,1834.06,445.11
9/28/2018,1464.99,288.92
9/29/2018,1818.72,711.12
9/30/2018,1879.41,656.63
10/1/2018,1224.09,159.46
10/2/2018,1424.81,415.78
10/3/2018,2383.09,916.85
10/4/2018,1777.07,507.24
10/5/2018,2007.89,813.3
10/6/2018,2903.84,629.19
10/7/2018,2291.26,731.86
10/8/2018,1825.74,476.07
10/9/2018,1505,208.31
10/10/2018,2560.36,780.21
10/11/2018,1552.65,337.18
10/12/2018,1455.73,227.37
10/13/2018,1777.28,832.29
10/14/2018,1604.48,609.24
10/15/2018,1724.35,1046.27
10/16/2018,1415.04,492.77
10/17/2018,2252.66,520.07
10/18/2018,1416.19,403.07
10/19/2018,1412.76,393.01
10/20/2018,1753.15,514.83
10/21/2018,2313.85,777.41
10/22/2018,1513.19,392.9
10/23/2018,1814.41,599.87
10/24/2018,2299.15,571.33
10/25/2018,1234.01,193.05
10/26/2018,1611.63,342.4
10/27/2018,1765.59,308.51
10/28/2018,1770.11,609.1
10/29/2018,1719.76,516.56
10/30/2018,1464.29,251.96
10/31/2018,2361.21,444.7
11/1/2018,1485.97,203.67
11/2/2018,1369.75,204.62
11/3/2018,1707.84,447.16
11/4/2018,2175.69,501.72
11/5/2018,1582.49,493.63
11/6/2018,1391.15,210.59
11/7/2018,2716.73,700.6
11/8/2018,1499.39,270.01
11/9/2018,2314.8,737.73
11/10/2018,1765.43,239.36
11/11/2018,1905.7,387.07
11/12/2018,1596.75,583.69
11/13/2018,1756.05,186.16
11/14/2018,2691.58,1077.2
11/15/2018,1441.03,331.45
11/16/2018,1393.23,358.07
11/17/2018,1716.66,543.24
11/18/2018,2148.2,419.99
11/19/2018,1330.37,542.59
11/20/2018,1723.89,517.68
11/21/2018,3171.84,937.65
11/22/2018,1874.83,533.91
11/23/2018,1844.86,288.8
11/24/2018,1957.9,1428.98
11/25/2018,1688.37,457.59
11/26/2018,1252.09,599.43
11/27/2018,1536.51,563.4
11/28/2018,2340.55,1035.57
11/29/2018,1448.36,245.47
11/30/2018,1414.44,112.22
12/1/2018,1892.21,637.77
12/2/2018,2269.27,926.74
12/3/2018,1328.28,310.87
12/4/2018,1656.09,356.86
12/5/2018,3003.82,941.24
12/6/2018,1641.51,415.85
12/7/2018,1354.69,503.48
12/8/2018,1834.76,401.56
12/9/2018,2153.47,474.87
12/10/2018,1941.24,236.98
12/11/2018,1581.77,472.88
12/12/2018,2642.98,912.39
12/13/2018,1493.07,485.77
12/14/2018,1444.02,225.5
12/15/2018,1897.99,769.06
12/16/2018,2232.97,777.67
12/17/2018,1721.84,516.88
12/18/2018,1344.25,400.27
12/19/2018,3138.66,1443.22
12/20/2018,2143.23,1042.18
12/21/2018,1631.95,457.78
12/22/2018,1771.97,592.57
12/23/2018,2253.79,598.77
12/24/2018,1781.47,1043.47
12/25/2018,2046.11,864.56
12/26/2018,2632.97,1031.41
12/27/2018,1350.3,212.24
12/28/2018,1749.52,345.76
12/29/2018,2190.58,515.79
12/30/2018,2019.71,376.14
12/31/2018,3041.26,884.2
1/1/2019,3552.75,467.62
1/2/2019,3773.34,1623.47
1/3/2019,1724.01,164.12
1/4/2019,2334.58,252.17
1/5/2019,2757.55,628.68
1/6/2019,3709.26,1341.85
1/7/2019,3083.27,624.8
1/8/2019,2401.92,852.85
1/9/2019,4416.76,969.15
1/10/2019,2442.25,297.39
1/11/2019,2605.25,594.42
1/12/2019,2780.1,400.52
1/13/2019,3754.92,663.98
1/14/2019,2307.53,135.76
1/15/2019,2697.93,499.16
1/16/2019,4644.15,1862.85
1/17/2019,2326.7,289.24
1/18/2019,2371.77,482.9
1/19/2019,2737.1,337.48
1/20/2019,3066.13,718.55
1/21/2019,2422.3,584.22
1/22/2019,2038.04,438.9
1/23/2019,4362.59,885.65
1/24/2019,2493.43,275.83
1/25/2019,2044.67,431.01
1/26/2019,3178.11,765.84
1/27/2019,3105.9,436.38
1/28/2019,2464.03,451.78
1/29/2019,2999.78,495.79
1/30/2019,4930.46,1559.99
1/31/2019,2943.88,752.2
2/1/2019,3240.71,887.07
2/2/2019,4610.15,586.09
2/3/2019,5602.58,726.58
2/4/2019,3760.05,484.45
2/5/2019,2722.29,383.64
2/6/2019,3832.72,843.19
2/7/2019,2448.01,292.43
2/8/2019,2347.61,215.73
2/9/2019,2367.75,352.95
2/10/2019,3085.7,1019.1
2/11/2019,2046.3,256.36
2/12/2019,2380.83,736.82
2/13/2019,3925.01,1354.98
2/14/2019,2641.12,268.78
2/15/2019,2521.88,237.83
2/16/2019,2557.1,465.25
2/17/2019,3303.35,604.79
2/18/2019,2593.75,328.66
2/19/2019,2537.83,550.35
2/20/2019,3820.77,1076.78
2/21/2019,2264.15,433.87
2/22/2019,2169.87,259.83
2/23/2019,2466.46,385.77
2/24/2019,3083.72,527.81
2/25/2019,2124.57,766.92
2/26/2019,2605.23,392.47
2/27/2019,4249.93,509.73
2/28/2019,2300.95,310.93
3/1/2019,2570.82,419.71
3/2/2019,3398.59,824.02
3/3/2019,3584.1,844.15
3/4/2019,2153.1,436.19
3/5/2019,2394.52,358.44
3/6/2019,4074.55,813.54
3/7/2019,2427.19,504.58
3/8/2019,3431.97,493.81
3/9/2019,2770.87,599.5
3/10/2019,3400.59,747.46
3/11/2019,2274.41,210.95
3/12/2019,2281.72,387.99
3/13/2019,3637.58,1133.37
3/14/2019,2234.54,405.12
3/15/2019,3149.82,529.01
3/16/2019,2915.38,569.11
3/17/2019,3402.56,750.71
3/18/2019,2205.77,581.6
3/19/2019,2363.3,608.78
3/20/2019,3916.57,885.95
3/21/2019,2382.26,455.82
3/22/2019,2404.84,465.6
3/23/2019,2809.33,575.15
3/24/2019,2763.86,662.85
3/25/2019,2438.1,716.05
3/26/2019,2125.55,337.51
3/27/2019,4318.59,2513.11
3/28/2019,2371.87,624.38
3/29/2019,2590.57,720.9
3/30/2019,2702.82,675.55
3/31/2019,3058.31,920.96
4/1/2019,2444.66,372.77
4/2/2019,2641.89,907.78
4/3/2019,3616.57,2431.28
4/4/2019,2521.04,933.81
4/5/2019,2654.31,375.06
4/6/2019,2926.62,403.32
4/7/2019,3369.36,1027.4
4/8/2019,2556.05,961
4/9/2019,2830.27,419.27
4/10/2019,3811.2,2693.38
4/11/2019,3587.03,1010.85
4/12/2019,2868.33,1228.33
4/13/2019,2560.51,1831.48
4/14/2019,2224.97,844.88
4/15/2019,1358.95,637.03
4/16/2019,2323.29,1025.7
4/17/2019,3146.7,2146.7
4/18/2019,2699.13,594.51
4/19/2019,2241.69,699.42
4/20/2019,2673.18,939.94
4/21/2019,3024.78,723.17
4/22/2019,2102.63,417.99
4/23/2019,2160.77,400.04
4/24/2019,2953.83,1117.19
4/25/2019,2195.16,614.35
4/26/2019,2437.51,320.98
4/27/2019,2954.92,824.64
4/28/2019,2894.2,356.94
4/29/2019,2482.73,266.67
4/30/2019,1875.15,526.6
5/1/2019,3628.6,2171.3
5/2/2019,2419.22,576.05
5/3/2019,2349.87,784.28
5/4/2019,2782.24,884.67
5/5/2019,3343.12,889.18
5/6/2019,2149.07,355.69
5/7/2019,2233.49,583.42
5/8/2019,3572.47,1892.41
5/9/2019,2392.91,494.22
5/10/2019,2783.45,769.42
5/11/2019,2774.99,866.54
5/12/2019,3024.13,795.37
5/13/2019,2771.36,792.74
5/14/2019,2790.45,628.79
5/15/2019,3366.3,1772.98
5/16/2019,2189.39,774.02
5/17/2019,2654.43,1120.43
5/18/2019,3195.7,990.03
5/19/2019,2420.4,857.36
5/20/2019,2786.4,942.95
5/21/2019,2196.24,298.11
5/22/2019,2594.36,1424.3
5/23/2019,2508.25,539.27
5/24/2019,2487.11,490.95
5/25/2019,2487.98,767.04
5/26/2019,2892.8,1352.08
5/27/2019,2388.77,660.49
5/28/2019,2347.9,511.52
5/29/2019,2711.71,1542.85
5/30/2019,1761.54,924.6
5/31/2019,1810.7,531.37
6/1/2019,3782.79,629.88
6/2/2019,3441.45,635.13
6/3/2019,2383.9,203.95
6/4/2019,2250.58,717.11
6/5/2019,4406.8,1139.22
6/6/2019,2242.44,419.26
6/7/2019,3042.55,874.73
6/8/2019,4003.11,882.49
6/9/2019,3030.41,884.5
6/10/2019,2565.9,636.5
6/11/2019,2525.21,650.44
6/12/2019,4369.6,1434.07
6/13/2019,3093.52,479.79
6/14/2019,2788.05,377.7
6/15/2019,3130.1,387.22
6/16/2019,3965.03,947.86
6/17/2019,2536.45,683.31
6/18/2019,3442.24,819.64
6/19/2019,3829.48,887.03
6/20/2019,2489.11,590.7
6/21/2019,2674.99,432.01
6/22/2019,2813.51,865.16
6/23/2019,3132.64,1179.93
6/24/2019,2565.64,536.99
6/25/2019,2346.07,365.85
6/26/2019,5501.93,1615.48
6/27/2019,3030.7,344.56
6/28/2019,2858.55,400.77
6/29/2019,3573.39,708.4
6/30/2019,3835.27,602.38
7/1/2019,2786.54,417.91
7/2/2019,2560.42,800.41
7/3/2019,4955.39,2233
7/4/2019,2711.57,335.42
7/5/2019,3131.87,815.26
7/6/2019,3346.92,856.78
7/7/2019,5507.77,842.65
7/8/2019,2532.57,452.19
7/9/2019,3129.63,532.06
7/10/2019,4798.69,1170.21
7/11/2019,3219.46,706.6
7/12/2019,3362.17,622.83
7/13/2019,3718.63,787.52
7/14/2019,3779.11,723.53
7/15/2019,2874.16,348.3
7/16/2019,2725.31,366.39
7/17/2019,4333.67,1226.47
7/18/2019,2872.21,770.47
7/19/2019,3278.37,758.48
7/20/2019,3697.62,1460.52
7/21/2019,3361.34,521.33
7/22/2019,2896.26,595.19
7/23/2019,3096.93,769.97
7/24/2019,4251.24,1246.87
7/25/2019,2946.36,543.18
7/26/2019,3115.23,1577.62
7/27/2019,3422.25,851.24
7/28/2019,3822.26,1291.64
7/29/2019,2623.66,294.41
7/30/2019,2698.43,421.56
7/31/2019,5057.3,2095.39
8/1/2019,2688.06,327.78
8/2/2019,3243.84,577.69
8/3/2019,3426.98,728.45
8/4/2019,3495.6,928.68
8/5/2019,2899.13,363.92
8/6/2019,2259.49,257.03
8/7/2019,5213.59,1076.41
8/8/2019,2427.34,386.39
8/9/2019,3011.42,495.63
8/10/2019,3224.43,603.55
8/11/2019,4219.67,1155.36
8/12/2019,3246.82,592.35
8/13/2019,2444.18,384.34
8/14/2019,5925.85,1482.45
8/15/2019,3142.22,495.48
8/16/2019,2672.45,540.98
8/17/2019,3371.08,1050.97
8/18/2019,3958.62,530.59
8/19/2019,2612.87,581.88
8/20/2019,2545.77,1031.76
8/21/2019,4298.58,1537.84
8/22/2019,2686.4,356.96
8/23/2019,2455.79,501.77
8/24/2019,3273.96,809.35
8/25/2019,3787,638.35
8/26/2019,2580.03,501.29
8/27/2019,2923.48,419.12
8/28/2019,4220.63,1246.47
8/29/2019,2574.22,223.78
8/30/2019,3021.45,468.83
8/31/2019,3593.27,1020.2
9/1/2019,3643.36,785.22
9/2/2019,2991.87,590.08
9/3/2019,2712.11,628.11
9/4/2019,4842.52,1287.35
9/5/2019,3193.98,813.55
9/6/2019,2656.42,668.57
9/7/2019,3890.27,1027.71
9/8/2019,3930.03,689.47
9/9/2019,3124.35,565.35
9/10/2019,2901.63,691.45
9/11/2019,5301.41,1347.9
9/12/2019,3426.74,536.32
9/13/2019,3599.21,859.04
9/14/2019,3172.19,497.36
9/15/2019,3718.19,558.91
9/16/2019,2662.58,460.61
9/17/2019,2473.27,521.36
9/18/2019,5411.27,1647.74
9/19/2019,2976.08,650.07
9/20/2019,2926.46,751.04
9/21/2019,3590.76,976.47
9/22/2019,3635.73,1030.4
9/23/2019,3367.13,343.87
9/24/2019,4280.71,1193.9
9/25/2019,5674.51,813.66
9/26/2019,5214.24,1001.84
9/27/2019,3851.02,988.93
9/28/2019,2396.31,395.45
9/29/2019,3510.42,1072.72
9/30/2019,3140.16,691.73
10/1/2019,2717.11,486.6
10/2/2019,4430.71,980.81
10/3/2019,2718.56,629.52
10/4/2019,2763.92,452.47
10/5/2019,3815.8,1556.53
10/6/2019,4080.29,663.02
10/7/2019,2760.62,539.39
10/8/2019,2850.66,781.35
10/9/2019,4597.53,1301.22
10/10/2019,3003.33,663.08
10/11/2019,2815.7,747.68
10/12/2019,3398.14,960.93
10/13/2019,3940.54,1008.94
10/14/2019,3113.13,321.31
10/15/2019,3320.1,774.3
10/16/2019,5247.29,1103.31
10/17/2019,2689.75,628.06
10/18/2019,2364.32,397.46
10/19/2019,3138.78,964.28
10/20/2019,4043.9,983.81
10/21/2019,2956.59,615.94
10/22/2019,2599.45,636.79
10/23/2019,4914.73,1179.05
10/24/2019,2353.35,476.34
10/25/2019,2438.28,301.65
10/26/2019,3018.21,609
10/27/2019,3427.3,561.09
10/28/2019,2388.59,380.16
10/29/2019,3484.93,733.89
10/30/2019,5741.54,819.91
10/31/2019,2854.59,497.63
11/1/2019,3996.98,476.54
11/2/2019,4390.83,630.48
11/3/2019,4891.43,1456.58
11/4/2019,4193.6,668.51
11/5/2019,3347.23,400.31
11/6/2019,6707.11,1387.86
11/7/2019,4043.52,631.6
11/8/2019,4642.36,729.01
11/9/2019,5506.57,1327.81
11/10/2019,4518.53,813.42
11/11/2019,4124.04,689.06
11/12/2019,4458.41,771
11/13/2019,5998.33,1851.74
11/14/2019,3451.83,492.19
11/15/2019,3141.21,406.51
11/16/2019,3312.04,381.49
11/17/2019,4897.61,621.5
11/18/2019,3357.83,468.1
11/19/2019,3598.3,680.03
11/20/2019,6347.54,1874.54
11/21/2019,3167.99,277.81
11/22/2019,3895.43,492.17
11/23/2019,4044.43,862.29
11/24/2019,5009.2,856.52
11/25/2019,3408.68,417.52
11/26/2019,3876.98,517.76
11/27/2019,6316.5,1214.69
11/28/2019,3588.6,510.92
11/29/2019,3265.14,913.2
11/30/2019,4635.89,817.83
12/1/2019,5029.33,895.03
12/2/2019,3853.81,762.06
12/3/2019,3558.99,353.94
12/4/2019,5812.73,1101
12/5/2019,5050.65,628.23
12/6/2019,4244.28,306.42
12/7/2019,4274.91,558.37
12/8/2019,5439.75,1589.88
12/9/2019,4573.28,614.49
12/10/2019,4697.84,1241.66
12/11/2019,6067.06,1263.89
12/12/2019,3949.8,568.71
12/13/2019,3857.45,845.99
12/14/2019,4662.54,850.41
12/15/2019,4934.29,951.85
12/16/2019,3709.29,536.56
12/17/2019,4207.6,473.41
12/18/2019,5733.51,1133.98
12/19/2019,4294.12,617.16
12/20/2019,4219.53,631.12
12/21/2019,4891.62,1050.51
12/22/2019,5409.62,1301.12
12/23/2019,3846.34,712.5
12/24/2019,4170.3,483.61
12/25/2019,6054.32,1815.43
12/26/2019,3766.59,572.22
12/27/2019,4735.65,520.83
12/28/2019,5045.32,507.56
12/29/2019,6065.79,1217.06
12/30/2019,5060,925.8
12/31/2019,5885.09,1200.72
1/1/2020,7287.45,1256.2
1/2/2020,3980.47,838.73
1/3/2020,4065.32,599.89
1/4/2020,4524.03,915.45
1/5/2020,5211.39,837.42
1/6/2020,4246.69,776.16
1/7/2020,5574.04,963.77
1/8/2020,7073.51,1079.77
1/9/2020,4447.38,706.45
1/10/2020,3954.11,479.21
1/11/2020,4728.12,645.69
1/12/2020,5446.64,800.79
1/13/2020,3786.35,393.46
1/14/2020,4176.31,459.25
1/15/2020,7371.57,1937.19
1/16/2020,4760.18,591.96
1/17/2020,5436.24,932.12
1/18/2020,5838.66,880.82
1/19/2020,6684.3,1178.2
1/20/2020,5346.72,697.1
1/21/2020,5048.78,1089.91
1/22/2020,8678.3,1763.59
1/23/2020,8164.61,1239.76
1/24/2020,6832.21,1046.83
1/25/2020,6320.92,1420.6
1/26/2020,6142.1,1303.51
1/27/2020,5712.52,744.41
1/28/2020,6346.15,972.2
1/29/2020,7073.43,512.62
1/30/2020,4612.56,295.91
1/31/2020,5606.589,563.01
2/1/2020,5723.69,1583.76
2/2/2020,6314.3,1258.27
2/3/2020,4584.68,667.94
2/4/2020,4376.13,561.25
2/5/2020,7927.79,1770.82
2/6/2020,4379.19,750.38
2/7/2020,4554.33,881.12
2/8/2020,6429.12,1341.35
2/9/2020,6382.8,1376.67
2/10/2020,4614.21,466.04
2/11/2020,4468.52,607.6
2/12/2020,7463.86,1633.51
2/13/2020,4969.65,1019.06
2/14/2020,5596.39,1028.81
2/15/2020,6012.43,1001.04
2/16/2020,6178.97,672.22
2/17/2020,4923.99,1049.47
2/18/2020,4173.63,643.16
2/19/2020,6560.93,1433.37
2/20/2020,4548.91,426.35
2/21/2020,4468.29,991.23
2/22/2020,5850.55,1123.97
2/23/2020,6435.84,1222.49
2/24/2020,3776.61,552.75
2/25/2020,4578.92,1053.02
2/26/2020,5455.93,1847.98
2/27/2020,4849.91,813.59
2/28/2020,4169.33,788.9
2/29/2020,5904.7,1116.9
3/1/2020,7597.65,1681.35
3/2/2020,4545.35,573.14
3/3/2020,4575.3,565.58
3/4/2020,7953.01,2786.85
3/5/2020,5829.72,1059.62
3/6/2020,7680.6765,1815.76
3/7/2020,8607.5505,2027.37
3/8/2020,8297.188,2603.67
3/9/2020,5612.211,1119.27
3/10/2020,4989.17,959.13
3/11/2020,8872.115,2028.98
3/12/2020,4653.395,1096.48
3/13/2020,5024.335,784.01
3/14/2020,7619.886,1646.61
3/15/2020,7053.745,1309.82
3/16/2020,5762.348,1042.53
3/17/2020,6373.4195,1809.47
3/18/2020,8672.034,4194.19
3/19/2020,7985.285,2214.25
3/20/2020,6816.204,1044.2
3/21/2020,7132.356,2173.85
3/22/2020,8797.79,2055.08
3/23/2020,6474.9615,2572.38
3/24/2020,6916.912,2095.3
3/25/2020,10055.892,4976.02
3/26/2020,7668.52,2732.47
3/27/2020,7060.24,1647.13
3/28/2020,8196.7815,2412.94
3/29/2020,6937.63,1473.81
3/30/2020,5962.51,1946.7
3/31/2020,5954.95,2103.2
4/1/2020,12281.265,3120.12
4/2/2020,6824.245,1617.29
4/3/2020,7374.52,1557.84
4/4/2020,7466.185,1686.39
4/5/2020,6709.3,1389.06
4/6/2020,4628.995,503.53
4/7/2020,5495.025,1140.65
4/8/2020,9035.935,2368.71
4/9/2020,7184.16,1221.24
4/10/2020,8247.215,2027.49
4/11/2020,7720.865,1580.34
4/12/2020,8554.835,2261.89
4/13/2020,8177.81,2001.41
4/14/2020,5972.26,1020.14
4/15/2020,8733.2,2424.72
4/16/2020,5117.02,886.86
4/17/2020,5458.385,1400.74
4/18/2020,5885.98,1127.52
4/19/2020,5233.54,1118.13
4/20/2020,4173.745,821.48
4/21/2020,4636.995,1162.59
4/22/2020,7476.775,2058.07
4/23/2020,4524.42,972
4/24/2020,4437.75,698.68
4/25/2020,5190.8,1480.21
4/26/2020,5376.175,1116.3
4/27/2020,3916.525,1232.45
4/28/2020,4364.88,692.72
4/29/2020,8194.195,2230.31
4/30/2020,4318.19,959.97
5/1/2020,5397.23,1202.84
5/2/2020,4421.195,927.05
5/3/2020,4625.575,1093.87
5/4/2020,3662.675,756.07
5/5/2020,4360.78,1251.44
5/6/2020,7711.335,1967.86
5/7/2020,4098.11,924.51
5/8/2020,4468.095,1041.98
5/9/2020,4783.785,916.57
5/10/2020,4691.18,613.57
5/11/2020,4152.57,1270.61
5/12/2020,3241.4,897.11
5/13/2020,6935.12,2401.26
5/14/2020,4404.305,822.18
5/15/2020,4350.215,750.72
5/16/2020,4536.835,1438.41
5/17/2020,4390.69,1039.23
5/18/2020,3652.59,714.78
5/19/2020,3701.485,694.14
5/20/2020,6737.505,1688.36
5/21/2020,4333.99,777.33
5/22/2020,4195.715,1335.91
5/23/2020,5155.815,1077.75
5/24/2020,5133.525,1101.79
5/25/2020,4129.315,1135.03
5/26/2020,3742.48,596.58
5/27/2020,7504.375,1904.58
5/28/2020,4315.105,954.11
5/29/2020,4937.425,1403.72
5/30/2020,5002.295,1706.49
5/31/2020,4338.62,798.28
6/1/2020,4702.03,622.75
6/2/2020,4057.4,949.76
6/3/2020,6636.345,1640.01
6/4/2020,4499.745,716.14
6/5/2020,3984.04,764.58
6/6/2020,4700,1246.52
6/7/2020,5398.11,1468.64
6/8/2020,4531.48,1298.67
6/9/2020,3997.05,1092.04
6/10/2020,6965.74,2866.23
6/11/2020,4283.185,818.71
6/12/2020,4672.565,1120.82
6/13/2020,4889.335,1259.15
6/14/2020,5249.605,786.55
6/15/2020,4282.31,727.59
6/16/2020,3252.06,843.2
6/17/2020,6804.85,2053.75
6/18/2020,5186.42,996.45
6/19/2020,3784.71,947.19
6/20/2020,4564.855,1439.65
6/21/2020,4793.335,1344.88
6/22/2020,3943.48,1022.13
6/23/2020,3663.915,606.76
6/24/2020,6868.005,1979.23
6/25/2020,4408.75,979.75
6/26/2020,4725.83,924.35
6/27/2020,5009.14,1527.08
6/28/2020,4347.655,926.79
6/29/2020,3834.01,927.87
6/30/2020,4414.46,943.58
7/1/2020,7260.125,2423.96
7/2/2020,4042.48,721.98
7/3/2020,4708.185,1247.38
7/4/2020,5172.855,855.6
7/5/2020,5643.43,1302.04
7/6/2020,4453.36,1167.82
7/7/2020,3966.52,1306
7/8/2020,7469.075,2067.21
7/9/2020,3866.605,899.52
7/10/2020,4623.335,1033.01
7/11/2020,5021.38,1545.97
7/12/2020,5310.01,1617.51
7/13/2020,4053.44,1137.51
7/14/2020,3981.55,922.93
7/15/2020,7919.855,3104.02
7/16/2020,3869.27,964.36
7/17/2020,4651.06,1074.22
7/18/2020,5011.965,1044.53
7/19/2020,5179.335,1451.48
7/20/2020,3995.85,665.04
7/21/2020,3668.73,601.22
7/22/2020,6544.495,1723.15
7/23/2020,4496.75,1084.34
7/24/2020,4006.105,839.71
7/25/2020,5178.26,1412.84
7/26/2020,5136.93,1096.01
7/27/2020,3983.2,622.91
7/28/2020,3806.65,965.71
7/29/2020,7663.19,2178.44
7/30/2020,3928.84,951.31
7/31/2020,4192.935,907.4
8/1/2020,5271.01,1417
8/2/2020,5235.545,1407.23
8/3/2020,4080.605,1208.32
8/4/2020,4058.84,1038.17
8/5/2020,6556.62,3084.49
8/6/2020,5267.865,672.83
8/7/2020,4755.93,1010.42
8/8/2020,4830.93,1376.43
8/9/2020,6097.185,2023.07
8/10/2020,4803.275,963.47
8/11/2020,4572.225,1130.96
8/12/2020,8270.19,3448.14
8/13/2020,5495.675,996.76
8/14/2020,4605.065,1198.1
8/15/2020,6282.43,2015.35
8/16/2020,6705.98,2071.73
8/17/2020,4732.985,1688.24
8/18/2020,4590.155,759.81
8/19/2020,6315.66,2945.45
8/20/2020,4736.955,1182.25
8/21/2020,4614.865,1580.29
8/22/2020,5595.515,1309.6
8/23/2020,4747.07,1334.01
8/24/2020,4070.32,989.37
8/25/2020,4580.79,1090.45
8/26/2020,8161.86,4453.95
8/27/2020,5524.765,1091.97
8/28/2020,4691.45,677.39
8/29/2020,4876.245,1457.18
8/30/2020,5458.61,1631.33
8/31/2020,4321.36,1320.05