8850097117158,01B0-L01
8801791000116,01B0-L01
8801791000154,01B0-L01
8801791000185,01B0-L01
8801791000178,01B0-L01
8853095002020,01B0-L02
6902265851943,01B0-L02
8853237000143,01B0-L02
6938833400060,01B0-L02
8853237000198,01B0-L02
8853237000136,01B0-L02
8853095000286,01B0-L02
4063,01B0-L02
8853095000446,01B0-L02
6927288968881,01B0-L02
6901306669202,01B0-L03
8888118195069,01B0-L03
8853095009173,01B0-L03
8853095009180,01B0-L03
8850058001793,01B0-L03
8888118161736,01B0-L03
8850344060046,01B0-L03
8850344060053,01B0-L03
8853095000699,01B0-L03
6902265470267,01B0-L04
6902265470236,01B0-L04
8853095000835,01B0-L04
024463061088,01B0-L05
024463061057,01B0-L05
6921804700764,01B0-L05
8846000522935,01B0-L05
6921804700788,01B0-L06
6939919400011,01B0-L06
6921804700795,01B0-L06
6915993200174,01B0-L06
6921804700757,01B0-L06
6921804700559,01B0-L06
6921804700054,01B0-L07
6915993335555,01B0-L07
873453003504,01B0-L07
6915993303714,01B0-L07
6915993303509,01B0-L07
8850289000671,01B1-L01
8850289000329,01B1-L01
8850289000282,01B1-L01
6902265540014,01B1-L01
8850025335814,01B1-L01
6922848602830,01B1-L01
8850206123513,01B1-L01
8847101530027,01B1-L02
8847101600140,01B1-L02
8853095004130,01B1-L02
024463061095,01B1-L02
6926406586112,01B1-L02
8850511321802,01B1-L02
8850206162024,01B1-L02
653121044387,01B1-L02
9300657300012,01B1-L03
8850289000572,01B1-L03
9555218703010,01B1-L03
8850289000589,01B1-L03
8934637012513,01B1-L03
027000381847,01B1-L03
3258561140773,01B1-L03
074880020021,01B1-L04
06970987910002,01B1-L04
011210009387,01B1-L04
011210007253,01B1-L04
011210000018,01B1-L04
011210607033,01B1-L04
011210006508,01B1-L04
8846000189619,01B1-L04
6922824003361,01B1-L04
3258561140667,01B1-L05
8888118160326,01B1-L05
8888118630492,01B1-L05
078895770025,01B1-L05
078895740035,01B1-L05
078895700022,01B1-L05
078895760026,01B1-L05
4893757101283,01B1-L05
8801007176369,01B1-L05
4710373001011,01B1-L05
8938507417132,01B1-L06
722336009020,01B1-L06
6922286888544,01B1-L06
4710373001004,01B1-L06
6918678939550,01B1-L06
6921804700184,01B1-L07
873453002569,01B1-L07
873453002552,01B1-L07
873453002576,01B1-L07
8801007176376,01B1-L07
6922286888018,01B1-L07
516803,01B2-L01
8850487037172,01B2-L01
8850058003728,01B2-L01
6926406586174,01B2-L01
8853544000201,01B2-L01
8850344002084,01B2-L01
721557215715,01B2-L01
8850344002015,01B2-L01
8859287400018,01B2-L02
8859287400032,01B2-L02
8853095004598,01B2-L02
8851954103512,01B2-L02
8847101600157,01B2-L02
8853095000743,01B2-L02
8801007176345,01B2-L02
NN-SAUCE,01B2-L03
40804927,01B2-L03
8888118161958,01B2-L03
8888118161965,01B2-L03
8888118161972,01B2-L03
027000609019,01B2-L03
8853095006134,01B2-L03
8846000189626,01B2-L03
8850058003346,01B2-L03
6926406586211,01B2-L04
014268800975,01B2-L04
014268800937,01B2-L04
8859158301949,01B2-L04
8850344002077,01B2-L04
8850344002008,01B2-L04
9556538006331,01B2-L04
8850058004848,01B2-L04
KK-SOUCE,01B2-L05
8850539000017,01B2-L05
8850539000048,01B2-L05
8850058007801,01B2-L05
8850511321437,01B2-L05
9556538006409,01B2-L05
9556538006423,01B2-L06
9556538006447,01B2-L06
9556538006386,01B2-L06
49878431,01B2-L06
077885882007,01B2-L06
6954233101239,01B2-L06
8853095000972,01B2-L06
8853095000309,01B2-L06
6902265190417,01B3-L01
6902265210030,01B3-L01
6902265120193,01B3-L01
4901515118425,01B3-L01
6921480218300,01B3-L02
6902265170501,01B3-L02
6902265190509,01B3-L02
078895423037,01B3-L02
6902007010775,01B3-L02
8853026000712,01B3-L02
8888273110013,01B3-L02
8851912090021,01B3-L02
6924696517823,01B3-L03
6921480218287,01B3-L03
078895131468,01B3-L03
078895131475,01B3-L03
6902265501213,01B3-L03
014268800920,01B3-L03
6914239206956,01B3-L03
8853095001320,01B3-L03
6917878029252,01B3-L04
8936017366391,01B3-L04
8936017366407,01B3-L04
721557216095,01B3-L04
8851639000327,01B3-L04
3033710084913,01B3-L04
8850124065407,01B3-L04
9555218703027,01B3-L04
8847101600218,01B3-L05
4903001014761,01B3-L05
4902856180010,01B3-L05
073899014823,01B3-L05
6902265501114,01B3-L05
8850124065414,01B3-L05
027000382462,01B3-L05
88821535,01B3-L06
88821528,01B3-L06
4903001011128,01B3-L06
4903001017106,01B3-L06
8851639001010,01B3-L06
6902007010881,01B3-L06
6924696517793,01B3-L06
6921480218270,01B4-L01
8850124065421,01B4-L01
6902265190318,01B4-L01
6902265280033,01B4-L01
6902902007214,01B4-L01
8850127062359,01B4-L02
8846500018150,01B4-L02
721557216101,01B4-L02
8851954100702,01B4-L02
8851954100726,01B4-L02
8888232016110,01B4-L02
8888256640421,01B4-L03
9555218703126,01B4-L03
8851954196279,01B4-L03
4901515118128,01B4-L03
9555218703119,01B4-L03
6934598235008,01B4-L03
4901515118586,01B4-L04
4901515118883,01B4-L04
4901515118579,01B4-L04
8888232016073,01B4-L04
8888232016127,01B4-L04
8888232016080,01B4-L04
8846000351122,01B4-L05
8847101600287,01B4-L05
5000111041263,01B4-L05
6922848603301,01B4-L05
8847100590060,01B4-L05
8850344002664,01B5-L01
8847101600324,01B5-L01
8846500010017,01B5-L01
8846000030027,01B5-L01
8850114407514,01B5-L01
8846500015180,01B5-L02
8859299810010,01B5-L02
8853544000645,01B5-L02
8847101600881,01B5-L02
8850620885004,01B5-L02
8850545555112,01B5-L02
8850114402007,01B5-L02
050561826298,01B5-L03
050561846326,01B5-L03
8850180050027,01B5-L03
8847104772684,01B5-L03
8850545311114,01B5-L03
8850213197507,01B5-L03
8847104773667,01B5-L03
8850545611115,01B5-L04
8847101600225,01B5-L04
8846500011083,01B5-L04
8850213107506,01B5-L04
8934842000268,01B5-L04
8850545715554,01B5-L04
8850213110605,01B5-L04
8846500015098,01B5-L05
8847101600355,01B5-L05
8850620888234,01B5-L05
8847104770666,01B5-L05
8850620888609,01B5-L05
8934842174082,01B5-L05
078895300031,01B6-L01
078895310030,01B6-L01
6902265360025,01B6-L01
078895300024,01B6-L02
8888232061745,01B6-L02
078895310023,01B6-L03
078895100020,01B6-L03
6918678310021,01B6-L03
721557215173,01B6-L04
8888118161828,01B6-L04
078895100013,01B6-L04
8850124000675,01B6-L04
014268800982,01B6-L05
8850038400011,01B6-L05
078895300017,01B6-L05
6924115086039,01B7-L01
6921334981688,01B7-L01
6904508004055,01B7-L01
014268800913,01B7-L01
6902265360018,01B7-L01
8850038400035,01B7-L01
6921334911791,01B7-L02
6911719112110,01B7-L02
9555218704208,01B7-L02
6903290190502,01B7-L02
721557215210,01B7-L02
8850206117512,01B7-L02
8888007100310,01B7-L03
8888232106507,01B7-L03
9555218705182,01B7-L03
9555218703263,01B7-L03
8888118140144,01B7-L03
8801007441375,01B7-L04
8801007441351,01B7-L04
6916432980015,01B7-L04
8888232061547,01B7-L04
6970234920112,01B7-L05
8888007100334,01B7-L05
8801045440200,01B7-L05
8847105190036,01B7-L05
8847101600652,01B7-L05
6972129140018,01B8-L01
8004275059949,01B8-L01
6931291826670,01B8-L01
8801007168753,01B8-L01
8801045203317,01B8-L01
6903290190342,01B8-L01
3258561180175,01B8-L02
6931291826687,01B8-L02
6902265610014,01B8-L02
6902265451419,01B8-L02
8712100441578,01B8-L02
3036810230440,01B8-L03
3258561180250,01B8-L03
3036810230464,01B8-L03
9555218703164,01B8-L03
9555218703157,01B8-L03
9555218703140,01B8-L03
6930096326200,01B8-L03
8858862009066,01B8-L03
013000008143,01B8-L04
8004275059918,01B8-L04
8857122726118,01B8-L04
013000008549,01B8-L04
6940510902453,01B8-L04
6902265607014,01B8-L04
013000008129,01B8-L05
013000008525,01B8-L05
8004275059901,01B8-L05
8857122726422,01B8-L05
8847101600706,01B8-L05
8854334002436,01B8-L05
8851954102119,01B8-L05
8935134592935,01B9-L01
8935134590009,01B9-L01
8935134590023,01B9-L02
8935134509070,01B9-L02
4901515339813,01B9-L03
4901515331794,01B9-L03
4901515359330,01B9-L03
4901515349621,01B9-L03
4901515129896,01B9-L03
4901515368523,01B9-L04
4901515129902,01B9-L04
4901515118197,01B9-L04
49645309,01B9-L05
4901515368530,01B9-L05
4901515368547,01B9-L05
8850144065005,02A1-L01
8850144211440,02A1-L02
8850144225539,02A1-L04
8850144219897,02A1-L06
8850144208693,02A1-L07
8850144206392,02A1-L07
8850144059097,02A1-L07
096619782581,02A2-L01
6927771801671,02A2-L01
6922130101355,02A2-L01
6922130101119,02A2-L01
8850250010944,02A2-L01
8934804022437,02A2-L01
8850144202592,02A2-L02
8850144065012,02A2-L02
6922130101485,02A2-L02
6922130101034,02A2-L02
6901821688894,02A2-L02
8850250010937,02A2-L02
4902833745584,02A2-L03
4902833744006,02A2-L03
4902833731006,02A2-L03
4902833745775,02A2-L03
6933453800078,02A2-L04
6915993300812,02A2-L04
6915993304643,02A2-L04
8850250010999,02A2-L04
8850250010951,02A2-L04
8850250007968,02A2-L04
SATESMALL,02A2-L05
SATE,02A2-L05
6902265810001,02A2-L05
8850250008200,02A2-L05
8850250008088,02A2-L05
8850144224808,02A2-L05
6915993300171,02A2-L05
8850250010982,02A2-L05
8850250008781,02A2-L05
8850250007746,02A2-L05
6922130101256,02A2-L06
8850250009382,02A2-L06
8850250007685,02A2-L06
8850250007975,02A2-L06
6922130101508,02A2-L07
6922130101461,02A2-L07
6915993100016,02A2-L07
8857122797194,02A3-L01
8850250011323,02A3-L01
8847104200019,02A3-L02
8847104200033,02A3-L02
6902487381631,02A3-L02
8850250011293,02A3-L02
8850542400057,02A3-L02
8850542400088,02A3-L02
30K-96,02A3-L03
5229,02A3-L03
8850464000090,02A3-L03
8850464000069,02A3-L04
8847106399933,02A3-L04
8850250001508,02A3-L04
8801007028729,02A3-L04
8801007028743,02A3-L04
G001323,02A3-L05
8847106398837,02A3-L05
8847106399940,02A3-L05
8850069010074,02A3-L06
8850069020226,02A3-L06
8847106398820,02A3-L06
4902841001009,02A3-L06
9555491102289,02A3-L06
8850069010241,02A3-L07
A001250,02A3-L07
8850069020073,02A3-L07
8850069011019,02A3-L08
8850542102227,02A3-L08
8850250001492,02A3-L08
8850250009092,02A3-L08
8847102950039,02A4-L01
8847102950763,02A4-L01
8846000189831,02A4-L01
8847102360210,02A4-L01
8847102360265,02A4-L01
8801007101408,02A4-L02
8801007100838,02A4-L02
8801007101309,02A4-L02
PALMSUGAR-S,02A4-L02
8847102360395,02A4-L02
8847101865488,02A4-L03
8847101865495,02A4-L03
8846600196581,02A4-L03
8847102950732,02A4-L03
8846000189794,02A4-L04
8846000189787,02A4-L04
8846000189800,02A4-L04
8846000189114,02A4-L04
8850256500050,02A4-L05
8850256510066,02A4-L05
8850256000505,02A4-L05
8850256100106,02A4-L06
8850724111016,02A4-L06
8859296300361,02A4-L06
8859296300385,02A4-L06
8850256100137,02A4-L07
8850256100113,02A4-L07
8809258458999,02A5-L01
6952109800026,02A5-L01
6952109800033,02A5-L01
8801052202020,02A5-L01
8847104230269,02A5-L01
8850539130622,02A5-L02
8809258458975,02A5-L02
8850096901178,02A5-L02
8809258458968,02A5-L02
8801052202075,02A5-L02
6924464416785,02A5-L02
8809094841047,02A5-L02
6955985233339,02A5-L03
6955362600082,02A5-L03
6955362600051,02A5-L03
6955985288810,02A5-L03
8847104230283,02A5-L03
8847103329520,02A5-L04
2019982,02A5-L04
8846500010369,02A5-L04
8846652810206,02A5-L04
8846652810312,02A5-L04
8846527711317,02A5-L04
8846652660115,02A5-L04
30K-79,02A5-L04
8847103329537,02A5-L05
8847103253016,02A5-L05
8847103254013,02A5-L05
8847103251012,02A5-L05
8846500011021,02A5-L05
8846500011038,02A5-L05
8846500012011,02A5-L05
8846500011687,02A5-L05
8846500011618,02A5-L05
8846500011694,02A5-L05
8847103252019,02A5-L05
30K-73,02A5-L06
8846000960447,02A5-L06
8847104230351,02A5-L06
052100030265,02A5-L06
8846200550028,02A5-L06
8847104230368,02A5-L06
8809258458821,02A5-L06
8846000189305,02A5-L07
8846000189329,02A5-L07
8846000189060,02A5-L07
8846200550011,02A5-L07
8847104230177,02A5-L07
8847103256017,02A5-L07
6906303888885,02A5-L07
8847104230023,02A5-L07
8847104230252,02A5-L07
8847103254686,02A5-L07
8846500010871,02A5-L07
6935816901255,02A6-L01
6935816900821,02A6-L01
6931529302020,02A6-L02
092396000085,02A6-L02
6948149400050,02A6-L03
6928947700101,02A6-L03
524181,02A6-L04
522561,02A6-L04
522611,02A6-L04
522321,02A6-L04
523761,02A6-L04
523461,02A6-L04
522511,02A6-L04
522471,02A6-L04
079679001953,02A6-L04
052100029924,02A6-L04
526471,02A6-L05
526261,02A6-L05
525931,02A6-L05
528431,02A6-L05
525341,02A6-L05
524911,02A6-L05
520231,02A6-L05
052100060408,02A6-L05
522491,02A6-L05
523261,02A6-L05
523561,02A6-L05
526481,02A6-L05
522341,02A6-L05
522121,02A6-L06
522111,02A6-L06
524241,02A6-L06
526961,02A6-L06
527161,02A6-L06
526981,02A6-L06
052100030043,02A6-L06
524421,02A6-L06
526761,02A6-L06
524441,02A6-L06
052100040813,02A6-L07
052100090405,02A6-L07
052100018997,02A6-L07
052100091402,02A6-L07
052100168609,02A6-L07
052100464503,02A6-L07
052100034911,02A6-L07
052100043609,02A6-L07
052100037806,02A6-L07
052100098807,02A6-L07
052100090207,02A6-L07
8886350000042,02A7-L01
8886350000028,02A7-L01
8886350000059,02A7-L01
8801007039404,02A7-L01
8886350000011,02A7-L01
8850298600244,02A7-L01
4901001375431,02A7-L01
9555218700163,02A7-L01
8934746051939,02A7-L01
8846600196574,02A7-L02
8847101871168,02A7-L02
8846000280040,02A7-L02
8846600196550,02A7-L02
8850813101119,02A7-L02
6918962006708,02A7-L02
6932759725702,02A7-L02
8850180040028,02A7-L02
4902110340075,02A7-L02
8934746053452,02A7-L02
107070,02A7-L03
8850341300237,02A7-L03
8801007039442,02A7-L03
8850341200025,02A7-L03
6918962002052,02A7-L03
8934746012329,02A7-L03
6926773900511,02A7-L03
8934746053988,02A7-L03
6926773900016,02A7-L03
8934746011322,02A7-L03
8850310000717,02A7-L04
8850310000564,02A7-L04
8005121004182,02A7-L04
8858671550018,02A7-L04
8934746053315,02A7-L04
6920386769381,02A7-L04
8850180040011,02A7-L04
8850038200017,02A7-L04
8850358371350,02A7-L05
8850341600023,02A7-L05
8850341121146,02A7-L05
9555218704116,02A7-L05
8888970696995,02A7-L05
8850332192155,02A7-L05
8850341121115,02A7-L05
8850341700037,02A7-L05
8850341400043,02A7-L05
8850341400067,02A7-L05
8853095003652,02A7-L05
8853095000330,02A7-L05
8853095000217,02A7-L05
8853095000323,02A7-L05
8853095002266,02A7-L05
9555218708879,02A7-L06
8888970696964,02A7-L06
8850341800041,02A7-L06
8850341700020,02A7-L06
8936013740331,02A7-L06
8850310000748,02A7-L06
9555218700422,02A7-L06
8850367100071,02A7-L06
8005121218206,02A7-L07
8850332192124,02A7-L07
016000455108,02A7-L07
9311627604771,02A7-L07
8850340200019,02A7-L07
8850161166143,02A7-L07
033200011101,02A7-L07
8850367100101,02A7-L07
8850344200213,02A7-L07
8850344200176,02A7-L07
3258563230069,02B0-L01
3258563230045,02B0-L01
3258563230083,02B0-L01
9999234567858,02B0-L02
9999234032004,02B0-L02
9999234567865,02B0-L02
9999234932151,02B0-L02
3258563230137,02B0-L02
3258563461821,02B0-L03
3537580702651,02B0-L03
3537580705027,02B0-L03
3537580702583,02B0-L03
3434350005786,02B0-L03
9999234569876,02B0-L03
9999234567872,02B0-L03
9999123456775,02B0-L03
4893757100132,02B0-L04
4893757100118,02B0-L04
3250390468134,02B0-L04
3250390468219,02B0-L04
3067162252460,02B0-L05
4893757101061,02B0-L05
8888573437438,02B0-L05
4893757100453,02B0-L05
4893757100583,02B0-L05
3250391222032,02B0-L05
57892054,02B0-L05
3537580706123,02B0-L05
8888192501862,02B0-L05
8888573428733,02B0-L06
8888573428832,02B0-L06
8888573428634,02B0-L06
8888573425138,02B0-L06
8888573424834,02B0-L06
3250390751137,02B0-L06
5762385001809,02B0-L06
5762385061223,02B0-L06
4893757101054,02B0-L07
8801052738215,02B0-L07
037600138727,02B0-L07
3250390392057,02B0-L07
3021210014004,02B0-L07
3021210013007,02B0-L07
8888192501855,02B0-L07
037600115445,02B0-L07
5762385161237,02B0-L07
4893757100170,02B0-L08
3432770021881,02B0-L08
3379670013380,02B0-L08
8888573700464,02B0-L08
8888573700266,02B0-L08
8888573421635,02B0-L08
8888573700365,02B0-L08
30000117,02B0-L08
3258561230269,02B0-L08
8888192501893,02B0-L08
3263670141016,02B1-L02
3258561220048,02B1-L02
3263670123715,02B1-L02
3263670128413,02B1-L02
9556041601214,02B1-L02
95500553,02B1-L02
8857123989413,02B1-L02
3019081238704,02B1-L02
3019080031146,02B1-L03
3019081238643,02B1-L03
3188720001204,02B1-L03
3188720001518,02B1-L03
3250391137237,02B1-L03
3250391137176,02B1-L03
3188720000030,02B1-L03
3188720001525,02B1-L03
3250391137442,02B1-L03
6901012021967,02B1-L04
3165958350014,02B1-L04
3258561220024,02B1-L04
3258561220147,02B1-L04
3188720000160,02B1-L04
3258561220093,02B1-L04
3188720000146,02B1-L04
8414753000019,02B1-L04
6902534238338,02B1-L05
3165957953018,02B1-L05
3019080040186,02B1-L05
3258561220116,02B1-L05
3258561220062,02B1-L05
3263670113815,02B1-L05
4893757101603,02B1-L06
8850081510019,02B1-L06
8857123989192,02B1-L06
95500515,02B1-L06
8850153333058,02B1-L06
8850153533083,02B1-L06
3263670128116,02B1-L06
6902534238499,02B1-L06
8801047121350,02B2-L01
8801045645452,02B2-L01
8801047111849,02B2-L01
9556041613958,02B2-L01
9556041611480,02B2-L01
9556041613804,02B2-L02
9556041614047,02B2-L02
9556041611466,02B2-L02
9556041613927,02B2-L02
9556041613811,02B2-L02
9556041600880,02B2-L03
9556041613835,02B2-L03
9556041614009,02B2-L03
9556041613866,02B2-L03
048000002488,02B2-L03
8850153333034,02B2-L04
8850153901028,02B2-L04
8850081210100,02B2-L04
8850081210049,02B2-L04
9556041660235,02B2-L04
8801045720081,02B2-L04
8801047142140,02B2-L04
8850153332006,02B2-L05
9555218708145,02B2-L05
8852021210010,02B2-L05
8852021701013,02B2-L05
8852021230018,02B2-L05
9556041600309,02B2-L06
9556041600293,02B2-L06
8852021702218,02B2-L06
8852021310017,02B2-L06
721557161081,02B2-L06
8852021320016,02B2-L06
3250390000846,02B3-L01
3049580553572,02B3-L01
3049580539576,02B3-L01
3049580543450,02B3-L01
8888192815112,02B3-L02
8888192505013,02B3-L02
9555218707117,02B3-L02
8888192815310,02B3-L02
096619998364,02B3-L02
8888192821182,02B3-L02
3049580540022,02B3-L02
6923792902045,02B3-L02
9555218709012,02B3-L03
8888192821076,02B3-L03
9555218709074,02B3-L03
8888192821106,02B3-L03
8888192821601,02B3-L03
3019080057016,02B3-L03
3019080067039,02B3-L03
9556041602198,02B3-L04
8888192815419,02B3-L04
8004402119317,02B3-L04
9555218709180,02B3-L04
8888192821083,02B3-L04
8888192005704,02B3-L04
3410280066066,02B3-L04
3038355844700,02B3-L04
9555218707599,02B3-L04
8000320030109,02B3-L05
096619998340,02B3-L05
8000320030093,02B3-L05
8888192821588,02B3-L05
8000320030116,02B3-L05
3019081236090,02B3-L05
3165951167015,02B3-L05
9555218707773,02B3-L05
8801063122218,02B3-L05
8850035000313,02B3-L06
8850035000214,02B3-L06
3254474004119,02B3-L06
039000086639,02B3-L06
039000086677,02B3-L06
9555218708022,02B3-L06
3329150290664,02B3-L06
9555218707261,02B4-L01
9555218707087,02B4-L01
9555218707025,02B4-L01
3254474018635,02B4-L01
3254474018697,02B4-L01
3023082560016,02B4-L01
8888192840121,02B4-L02
8888192840107,02B4-L02
8888192820758,02B4-L02
9555218707605,02B4-L02
8888192820628,02B4-L02
3049580545560,02B4-L02
8888192820017,02B4-L03
8888192820352,02B4-L03
721557320259,02B4-L03
8850025121813,02B4-L03
8850025122612,02B4-L04
8850025124616,02B4-L04
8850025121615,02B4-L04
6926892565080,02B4-L04
6926892516099,02B4-L04
6926892501033,02B4-L04
8888192820055,02B4-L05
8888192820109,02B4-L05
9555218707056,02B4-L05
9556041603164,02B4-L05
9556041601870,02B4-L05
8004402119645,02B4-L05
8850025123619,02B4-L05
6926892521086,02B4-L06
6923523903754,02B4-L06
9556041602204,02B4-L06
9556041601887,02B4-L06
8888192820680,02B4-L06
9556041603171,02B4-L06
6926892527088,02B4-L06
8888192951483,02B5-L01
8410159044084,02B5-L01
8888192951414,02B5-L01
8410159040147,02B5-L01
3250390664796,02B5-L01
076397001289,02B5-L01
3250391524617,02B5-L01
3258561140179,02B5-L01
8935134594014,02B5-L02
8410159301101,02B5-L02
8935134594038,02B5-L02
9555218709135,02B5-L02
8935134594021,02B5-L02
3077312609099,02B5-L02
8888192821458,02B5-L02
6922406898996,02B5-L03
3076820002149,02B5-L03
8410159090661,02B5-L03
053800030210,02B5-L03
873453003498,02B5-L03
8888192821434,02B5-L03
40804644,02B5-L03
9555218709272,02B5-L03
6923276201688,02B5-L03
8888192951506,02B5-L03
9555218709326,02B5-L04
6901754160313,02B5-L04
6947531120026,02B5-L04
873453003467,02B5-L04
9555218709319,02B5-L04
9555218709289,02B5-L04
6923807807198,02B5-L05
6923807807181,02B5-L05
6922406898989,02B5-L05
873453101453,02B5-L05
6915993303332,02B5-L05
8410159006662,02B5-L05
6923807807846,02B5-L05
6947531120019,02B5-L05
6901754141008,02B5-L06
6901754050195,02B5-L06
6901754050201,02B5-L06
4902688242504,02B5-L06
4902688242498,02B5-L06
6901754060101,02B5-L06
873453006864,02B5-L07
873453003672,02B5-L07
873453003665,02B5-L07
4897091680077,02B5-L07
873453006642,02B5-L07
6919938331695,02B5-L07
6941216700022,02B5-L07
6922795500968,02B5-L08
6915993300331,02B5-L08
6915993300362,02B5-L08
6915993300256,02B5-L08
8859150200028,02B6-L01
9555764904428,02B6-L01
9555764901199,02B6-L01
8888051999151,02B6-L02
8888051999120,02B6-L02
9555764901182,02B6-L03
9555764904640,02B6-L03
8888051999144,02B6-L03
8888830120936,02B6-L04
9555218706684,02B6-L04
9555218705168,02B6-L04
8888477154400,02B6-L04
8888477154509,02B6-L04
8850282111015,02B6-L04
8850282191017,02B6-L04
8850180010090,02B6-L05
8850180010045,02B6-L05
8934988010022,02B6-L05
8934988010046,02B7-L01
8887155020556,02B7-L01
8888051999113,02B7-L01
8850210030135,02B7-L02
9555218705045,02B7-L02
9555218705038,02B7-L02
6948195800620,02B7-L02
8934988010039,02B7-L03
8887155020549,02B7-L03
6948195800460,02B7-L03
8850180010052,02B7-L03
8888477150600,02B7-L03
8420701102063,02B7-L03
8887155020532,02B7-L04
8850210030012,02B7-L04
096619105502,02B7-L04
8850210030043,02B7-L04
8934988021028,02B7-L04
8888830121001,02B7-L05
8888051999168,02B7-L05
8888051999137,02B7-L05
8881304371902,02B7-L05
8881304371896,02B7-L05
8004275054166,02B8-L01
852696000525,02B8-L01
852696000488,02B8-L01
8420701103060,02B8-L01
8005391401667,02B8-L01
8018440000049,02B8-L02
8018440000025,02B8-L02
8004275001115,02B8-L02
4719864781104,02B8-L02
4712479007072,02B8-L02
8410269265065,02B8-L02
9555218705113,02B8-L03
8888192020011,02B8-L03
9555218705014,02B8-L03
8005391401469,02B8-L03
8005391401261,02B8-L03
8005391404460,02B8-L03
8004275025364,02B8-L03
8004275001191,02B8-L04
8004275054050,02B8-L04
8004275001368,02B8-L04
041790001600,02B8-L04
041790004205,02B8-L04
8004275025319,02B8-L04
8858849100908,02B8-L05
8018440002098,02B8-L05
8018440000995,02B8-L05
8002210500204,02B8-L05
8002210501201,02B8-L05
8002210506206,02B8-L05
8004275074195,02B8-L05
8420701102445,02B8-L05
8420701101011,02B8-L05
027000390238,03A1-L01
9555218709166,03A1-L01
8888192951520,03A1-L01
8000320381676,03A1-L01
027000500088,03A1-L01
027000500132,03A1-L01
8850328111474,03A1-L02
8936066340267,03A1-L02
8851639001836,03A1-L02
4901577042072,03A1-L02
8850328111740,03A1-L03
8850328111450,03A1-L03
8850328111870,03A1-L03
8004275060105,03A1-L03
8710448563983,03A1-L03
3077312932098,03A1-L04
3077318003327,03A1-L04
3077310932090,03A1-L04
3077314932096,03A1-L04
8714100897935,03A1-L04
8714100897805,03A1-L04
8850328111894,03A1-L04
8936066340823,03A1-L04
8004275060129,03A1-L05
8076809513753,03A1-L05
9555218700781,03A1-L05
8850328111436,03A1-L05
8710448595885,03A1-L06
8710448595861,03A1-L06
8710448595878,03A1-L06
8710448595830,03A1-L06
8710448595892,03A1-L06
8710448595854,03A1-L06
027000500118,03A1-L06
8710448595847,03A1-L06
041500007007,03A1-L07
40804897,03A1-L07
40804866,03A1-L07
40122779,03A1-L07
40737249,03A1-L07
40804880,03A1-L07
8005121210101,03A2-L01
8888192951544,03A2-L01
822356000202,03A2-L01
8888192951537,03A2-L01
9300645111217,03A2-L01
027000500101,03A2-L01
9555218709173,03A2-L02
8888192951735,03A2-L02
8004402110161,03A2-L02
8000320010026,03A2-L02
027000388273,03A2-L02
096619937301,03A2-L02
078742164731,03A2-L02
027000391037,03A2-L02
8076809513715,03A2-L03
9300645110227,03A2-L03
3038354250908,03A2-L03
027000500064,03A2-L03
027000500149,03A2-L03
027000388150,03A2-L03
8076809513678,03A2-L04
9310155003704,03A2-L04
9300645111231,03A2-L04
096619937325,03A2-L04
3250390765301,03A2-L04
9310155003711,03A2-L04
8076809513739,03A2-L05
8004275060037,03A2-L05
9300645111149,03A2-L05
3038354190303,03A2-L05
3250390107118,03A2-L05
8076809513388,03A2-L06
8004275060051,03A2-L06
9310155170413,03A2-L06
9300645111132,03A2-L06
027000391044,03A2-L06
3250391434152,03A2-L06
8076809513692,03A2-L07
8004275060020,03A2-L07
9310155003544,03A2-L07
3038354194202,03A2-L07
9310155003759,03A2-L07
8076800376999,03A3-L01
8076808060654,03A3-L01
8076802085837,03A3-L01
8076800195019,03A3-L02
8076802085738,03A3-L02
8076800195033,03A3-L03
8076809547826,03A3-L03
020038005112,03A3-L03
8076800195057,03A3-L04
8076808150072,03A3-L04
8004275060235,03A3-L04
9310155100236,03A3-L04
9310155101035,03A3-L05
5310135413213,03A3-L05
8005121000146,03A3-L05
8076809545143,03A3-L05
3250390000426,03A3-L05
3038351165007,03A3-L06
9310155100434,03A3-L06
8004275060068,03A3-L06
8000139000089,03A3-L06
8005121000092,03A3-L06
8005391108436,03A3-L06
8076808201293,03A3-L07
8005121000122,03A3-L07
8005121000085,03A3-L07
3038350024503,03A4-L01
3038350259806,03A4-L01
3038350254108,03A4-L01
3038350010100,03A4-L02
3038350013002,03A4-L02
3038350013101,03A4-L02
3038350011305,03A4-L02
3250390000396,03A4-L03
3250391504190,03A4-L03
3038350023001,03A4-L03
9310155413329,03A4-L03
8000139100789,03A4-L04
8000139000706,03A4-L04
8000139003639,03A4-L04
8005121000276,03A4-L04
9310155203333,03A4-L05
9310155203234,03A4-L05
9310155203838,03A4-L05
6957393801933,03A4-L05
9310155202336,03A4-L06
9310155202138,03A4-L06
8000139001970,03A4-L06
8005121000917,03A4-L07
8000139911095,03A4-L07
8004275060075,03A4-L07
020038005211,03A4-L07
6940969300022,03A5-L01
8850122103033,03A5-L01
8847100980311,03A5-L02
8850058004558,03A5-L02
8934746053728,03A5-L02
8934746052028,03A5-L02
8850122101060,03A5-L02
098367002003,03A5-L03
8847100981295,03A5-L03
8847100980755,03A5-L03
8847100981622,03A5-L04
8847100981455,03A5-L04
8850341800072,03A5-L04
8850372000403,03A5-L04
8936007820667,03A5-L04
8850122103057,03A5-L05
8850122101053,03A5-L05
6970738530022,03A5-L05
8850372000069,03A5-L05
8850122703103,03A5-L06
8850122503109,03A5-L06
8934678040032,03A5-L06
8936007820650,03A5-L07
8850122201111,03A5-L07
8850122603106,03A5-L07
6918962005923,03A6-L01
6935105000058,03A6-L02
6924599900128,03A6-L02
30K-158,03A6-L03
30K-155,03A6-L03
30K-156,03A6-L04
30K-157,03A6-L05
4897091680398,03A6-L06
4897091680404,03A6-L06
6936648910019,03A6-L06
6918962006227,03A6-L06
6936648910231,03A6-L06
6918962005510,03A7-L01
8994834004896,03A7-L01
6918962007354,03A7-L01
6944399234773,03A7-L01
6918962006630,03A7-L02
6922507824061,03A7-L02
6918962006654,03A7-L02
6932759725870,03A7-L02
6918962006647,03A7-L03
6922507809402,03A7-L03
6922507809426,03A7-L03
6932759725863,03A7-L03
6918962007019,03A7-L04
6918962007774,03A7-L04
6918962004827,03A7-L04
6932759723234,03A7-L04
837328000012,03A7-L05
837328000050,03A7-L05
837328000067,03A7-L05
6932759723265,03A7-L05
6922507828528,03A7-L05
6932759723258,03A7-L06
6932759723487,03A7-L06
6918962003882,03A7-L06
6932759729618,03A7-L06
4901760863217,03A7-L06
8801045491400,03A7-L06
6922507828465,03A7-L06
8886013505181,03A8-L01
8994834004797,03A8-L01
8994834003448,03A8-L01
645175560036,03A8-L02
8847100241290,03A8-L04
8847100241283,03A8-L06
8847100241191,03A8-L06
8847100241382,03A8-L07
8847100241184,03A8-L07
8847100241399,03A8-L08
9555259503099,03A9-L01
9555259503105,03A9-L01
9555259503051,03A9-L02
9555259503075,03A9-L02
9555259503082,03A9-L03
9555259502979,03A9-L04
9555259502955,03A9-L04
9555259503068,03A9-L05
3261055930439,03B0-L01
3250390000938,03B0-L01
3049580557013,03B0-L01
3250390000945,03B0-L01
3038355841402,03B0-L03
8935006354883,03B0-L04
8935006354180,03B0-L04
8935006358171,03B0-L05
8935006358195,03B0-L05
8935006358218,03B0-L05
8935006353084,03B0-L05
8935006354173,03B0-L05
9556218126458,03B0-L06
6900873084012,03B1-L02
6920238083023,03B1-L02
8850987101489,03B1-L03
8850987101472,03B1-L03
8850987101496,03B1-L03
8801073910270,03B1-L03
6900873056781,03B1-L03
6900873023066,03B1-L03
8850987123863,03B1-L04
8850987123825,03B1-L04
8850987142772,03B1-L04
6900873085057,03B1-L04
8801043015639,03B1-L04
721557450840,03B2-L01
721557450802,03B2-L01
721557450833,03B2-L01
6900873000777,03B2-L01
6925303770563,03B2-L01
8852528003351,03B2-L01
6937641400149,03B2-L02
6937641400057,03B2-L02
6937641400132,03B2-L02
721557450819,03B2-L02
721557450857,03B2-L02
8850250006770,03B2-L02
4710249000834,03B2-L02
645175571636,03B2-L03
6920152426708,03B2-L03
6920152426647,03B2-L03
6900873000975,03B2-L03
6900873714070,03B2-L03
4710249000841,03B2-L03
6900873025473,03B2-L03
6900873714636,03B2-L03
6920077418420,03B2-L04
6920077418628,03B2-L04
6920077419106,03B2-L04
6920077418529,03B2-L04
6900873714216,03B2-L04
6900873042715,03B2-L04
8801073211216,03B2-L05
645175570714,03B2-L05
8888279300029,03B2-L05
8888279300012,03B2-L05
6920238081029,03B2-L05
6900873097029,03B2-L05
6971807590121,03B2-L05
8888107000497,03B3-L01
8888107000541,03B3-L01
8888107000480,03B3-L01
8888107000275,03B3-L01
8852098703859,03B3-L01
8852098703811,03B3-L01
8850412371029,03B3-L02
8850412370800,03B3-L02
8850412370701,03B3-L02
8850412371494,03B3-L02
8850412371500,03B3-L02
6920238013112,03B3-L02
721557450826,03B3-L02
6971807590145,03B3-L03
6971807590107,03B3-L03
6971225700904,03B3-L03
6918962005961,03B3-L03
6937641400118,03B3-L03
6937641400019,03B3-L03
6937641400040,03B3-L03
6900873022953,03B3-L03
8801043016025,03B3-L03
6928953570552,03B3-L03
6920238081067,03B3-L04
6920238066101,03B3-L04
8801073102743,03B3-L04
8852098703828,03B3-L04
8850987148064,03B3-L04
8801073211087,03B3-L05
8801073211056,03B3-L05
6935024410013,03B3-L05
8801073210363,03B3-L05
8852528003269,03B3-L05
8801128503211,03B4-L01
6900873024582,03B4-L01
6970075870539,03B4-L01
6970075870546,03B4-L01
6944391301053,03B4-L01
8801128503273,03B4-L02
6900873026067,03B4-L02
8801128503235,03B4-L02
6925303792978,03B4-L03
6925303770556,03B4-L03
8852528003245,03B4-L03
8852528003276,03B4-L03
6920238081050,03B4-L03
089686060027,03B4-L03
645175570288,03B4-L03
8852959004927,03B4-L03
9556183960316,03B4-L04
9556183960309,03B4-L04
8801073211223,03B4-L04
8852959008024,03B4-L04
6920238081012,03B4-L04
6920609918459,03B4-L05
6920609918466,03B4-L05
6922354298121,03B4-L05
6920609918442,03B4-L05
6920609918435,03B4-L05
6944391301091,03B4-L05
645175570103,03B4-L05
8850100205032,03B5-L02
8850100101044,03B5-L02
8850100111500,03B5-L03
8850250000761,03B5-L03
8850987101014,03B5-L04
8850987128622,03B5-L04
8850987142321,03B5-L04
8851876003112,03B5-L04
089686043686,03B5-L05
089686010947,03B5-L05
089686910704,03B5-L05
8847101581685,03B5-L05
8850987128585,03B5-L05
089686011036,03B5-L06
089686043433,03B5-L06
6920077480250,03B5-L06
8850144212980,03B5-L06
8847105682685,03B6-L02
8847105683682,03B6-L02
8847105680681,03B6-L02
8934563459147,03B6-L03
8934563306113,03B6-L03
8934563308117,03B6-L03
074603005892,03B6-L04
6900873039005,03B6-L04
6900873060269,03B6-L04
6920152461006,03B6-L04
6920152461020,03B6-L04
6920077415726,03B6-L05
8852528003689,03B6-L05
8888107000237,03B6-L05
8888107000121,03B6-L05
8850100101099,03B6-L05
8888107000046,03B6-L05
6920152425510,03B6-L05
8850100127013,03B6-L06
8850100121011,03B6-L06
8850100101143,03B6-L06
8888107000060,03B6-L06
8852528003764,03B6-L06
8888107000039,03B6-L06
8850100110114,03B6-L06
6920238090618,03B7-L03
6937350201044,03B7-L03
8801043014984,03B7-L03
8801043015110,03B7-L03
8801045999913,03B7-L04
8801045999906,03B7-L04
6900873097043,03B7-L04
8801073114210,03B7-L04
8847102491051,03B7-L05
8847102491044,03B7-L05
6937350207015,03B7-L05
8852528003771,03B7-L05
721557450253,03B7-L06
6920152460269,03B7-L06
6920152460061,03B7-L06
6925303710880,03B7-L06
6900873711598,03B7-L06
8888107000466,03B7-L06
6920238082071,03B8-L03
6920238011118,03B8-L03
8801073101524,03B8-L03
6900873022991,03B8-L03
8801032284159,03B8-L03
8801045521312,03B8-L04
6920238011156,03B8-L04
8801073113381,03B8-L04
8801073110502,03B8-L05
8801073113312,03B8-L05
8801073113947,03B8-L05
8801073113893,03B8-L05
8801073113428,03B8-L06
8801073113404,03B8-L06
8801043015349,03B8-L06
88010073140578,03B8-L06
6221012370088,04A1-L01
6221012370040,04A1-L01
6221012370118,04A1-L01
6221012258218,04A1-L02
6221012258201,04A1-L02
6221012250014,04A1-L03
7610023053223,04A1-L03
6221012250083,04A1-L04
6221012251141,04A1-L04
6221012250045,04A1-L04
6221012250038,04A1-L05
6221012250076,04A1-L05
6221012250113,04A1-L05
6221012370255,04A1-L05
GRAIN-OATS,04A2-L01
8908000097346,04A2-L02
8908000097445,04A2-L03
8908000097681,04A2-L04
8908000097360,04A2-L05
6925051201029,04A3-L01
6925051201012,04A3-L01
8888311091977,04A3-L02
8888311010138,04A3-L02
9556183960088,04A3-L02
8996001603000,04A3-L03
8888311091502,04A3-L03
4796918130477,04A3-L04
4796918130491,04A3-L04
9556183960910,04A3-L04
9556183960965,04A3-L04
9311467000047,04A3-L05
9311467000016,04A3-L05
9333912013778,04A3-L05
9310598300255,04A3-L05
016000141599,04A3-L05
9310273275007,04A3-L05
096619816927,04A3-L06
9311467000030,04A3-L06
9311467000023,04A3-L06
9310055611023,04A3-L06
8850144023067,04A4-L01
8888192501794,04A4-L01
8888192501800,04A4-L01
8850423000048,04A4-L01
8850423000086,04A4-L01
8856628200115,04A4-L01
3396745000809,04A4-L01
343180,04A4-L02
343120,04A4-L02
9555218700187,04A4-L02
9555218700200,04A4-L02
88530857,04A4-L02
88530888,04A4-L02
88530864,04A4-L02
8000500220412,04A4-L02
8850423000093,04A4-L02
3045320089301,04A4-L02
9310079305663,04A4-L03
3045320089349,04A4-L03
3045320089356,04A4-L03
3045320089363,04A4-L03
3045320089332,04A4-L03
3045320089295,04A4-L03
3045320089318,04A4-L03
3396741000056,04A4-L04
3045320099553,04A4-L04
3396741000117,04A4-L04
3045320093209,04A4-L04
3396741000087,04A4-L04
3045320093865,04A4-L04
3396741000155,04A4-L04
3045320093223,04A4-L04
3396745001042,04A4-L04
3045320093186,04A4-L04
3396741000025,04A4-L04
3045320093193,04A4-L04
3396745000823,04A4-L04
8888192501596,04A4-L04
8935118306329,04A4-L05
8935118306312,04A4-L05
8846000960928,04A4-L05
88530741,04A4-L05
88530765,04A4-L05
88530734,04A4-L05
80177173,04A4-L05
80051671,04A4-L05
8888192502685,04A4-L06
8888192502678,04A4-L06
037600110754,04A4-L06
037600231015,04A4-L06
8935118306411,04A4-L06
8888192501572,04A4-L06
8888192501589,04A4-L06
3092719700187,04A5-L01
8846000189046,04A5-L02
8801007120225,04A5-L02
8888192901853,04A5-L02
8856628200559,04A5-L02
8856628200542,04A5-L02
2019984,04A5-L02
26733227,04A5-L02
3092718607258,04A5-L02
2019985,04A5-L03
8847100502964,04A5-L03
2019983,04A5-L03
8847105370025,04A5-L03
8849301844416,04A5-L03
8849301844423,04A5-L03
8849301843327,04A5-L03
8847100502940,04A5-L03
3092719700279,04A5-L03
8859158301567,04A5-L04
8849301844447,04A5-L04
9555218700965,04A5-L04
8847105370018,04A5-L04
644209000678,04A5-L04
8886310311188,04A5-L04
3092719700422,04A5-L04
8849301843341,04A5-L05
8856628200474,04A5-L05
8850332171136,04A5-L05
8856628200122,04A5-L05
9421023620036,04A5-L05
8886310311089,04A5-L05
3017620422003,04A5-L05
8801007120218,04A5-L05
8856628200146,04A5-L06
6927507109019,04A5-L06
8888192901884,04A5-L06
9555218700972,04A5-L06
8888192901860,04A5-L06
6927507109026,04A5-L06
8856628200252,04A5-L06
8856628200092,04A5-L07
26733487,04A5-L08
8858812711360,04A6-L01
8858812788898,04A6-L01
8858812711216,04A6-L01
8858812711346,04A6-L01
8858812799986,04A6-L01
8851180000777,04A6-L02
8851180002290,04A6-L02
8851180000555,04A6-L02
8851180001019,04A6-L02
8851180000791,04A6-L03
8851180002986,04A6-L03
8851180000128,04A6-L04
8851180000111,04A6-L04
8858812711209,04A6-L04
8858812711261,04A6-L04
8858812799955,04A6-L04
8858812788867,04A6-L04
8851180001118,04A6-L05
8851180002979,04A6-L05
8851180002993,04A6-L05
8851180002283,04A6-L05
8851180002313,04A6-L05
8851180002870,04A7-L01
8851180001736,04A7-L01
8851180001965,04A7-L01
8851180002917,04A7-L02
8851180001712,04A7-L02
8851180001958,04A7-L02
8852001104827,04A7-L05
8852001109761,04A7-L05
8852001109730,04A7-L05
8852001230014,04A7-L05
8852001326502,04A7-L05
8852001200017,04A7-L05
8850689272012,04A7-L05
8858812711193,04A8-L03
8858812788881,04A8-L03
8858851600823,04A8-L03
8850300111171,04A8-L03
8995789795983,04A8-L03
8857123818751,04A8-L03
8857123788085,04A8-L03
8852007940054,04A8-L04
8859240996664,04A8-L04
8858812711490,04A8-L04
8852007912402,04A8-L04
8852007933063,04A8-L04
8852007934213,04A8-L05
8852007939058,04A8-L05
8852007912396,04A8-L05
8852007982016,04A8-L05
8852007983013,04A8-L05
8852007934237,04A8-L05
8852007933025,04A8-L05
8853095003836,04A8-L05
8858851602605,04A8-L05
8852001675877,04A9-L02
8852001106272,04A9-L03
8852001106265,04A9-L04
8888311092493,04B0-L01
8888311012880,04B0-L02
9555463201477,04B0-L02
8888240000897,04B0-L04
8935024129357,04B0-L05
8935024123287,04B0-L06
5410441002955,04B1-L03
3760128640041,04B1-L03
8888200081515,04B1-L03
8888470028302,04B1-L03
5704025017405,04B1-L03
8852537012160,04B1-L04
8718182062861,04B1-L04
8888440008808,04B1-L04
8888440005951,04B1-L04
5900120010826,04B1-L04
5900820015992,04B1-L04
8852537011163,04B1-L05
8850274024026,04B1-L05
8847103123012,04B1-L05
8847103121056,04B1-L05
8847103121049,04B1-L06
8850274024118,04B1-L06
4007929450479,04B2-L02
8718182062168,04B2-L02
8888200082116,04B2-L03
8888200082710,04B2-L03
5701215046832,04B2-L03
7613034457486,04B2-L03
8888440008792,04B2-L03
5900820015978,04B2-L03
94155877,04B2-L04
9415522285001,04B2-L04
9415522001274,04B2-L04
3252212910067,04B2-L04
6907992500010,04B2-L05
6907992100012,04B2-L05
6907992502588,04B2-L05
6907992100043,04B2-L05
096619533008,04B2-L05
9315090205732,04B2-L05
6907992100272,04B2-L06
8852537014560,04B2-L06
8852537011569,04B2-L06
8852537013563,04B2-L06
8847103121032,04B2-L06
8888200601508,04B3-L02
8850188253109,04B3-L02
8850188253208,04B3-L02
8850188900157,04B3-L02
8850125097179,04B3-L03
8852371400062,04B3-L03
8852371400055,04B3-L03
8852371400048,04B3-L03
8888200080525,04B3-L03
8858705604564,04B3-L04
8858705604625,04B3-L04
8858705604595,04B3-L04
8858705608906,04B3-L04
8858705607572,04B3-L05
8858705609347,04B3-L05
8858705607541,04B3-L05
8858705608821,04B3-L05
8853002305749,04B4-L02
8858705602386,04B4-L02
8850124025227,04B4-L03
8993007000109,04B4-L03
8853002303257,04B4-L03
8993007001434,04B4-L04
8993007001427,04B4-L04
8858705600207,04B4-L04
8885015960165,04B4-L04
8893007000239,04B4-L04
8851359703416,04B4-L04
8851359702129,04B4-L04
8851359703423,04B4-L05
8851359708282,04B4-L05
8851359708299,04B4-L05
8850024800887,04B4-L06
8850024800825,04B4-L06
8853002304728,04B4-L06
8851717049026,04B5-L02
8851717049033,04B5-L02
8851717049019,04B5-L02
8853002302045,04B5-L03
8851717049248,04B5-L03
8853002303981,04B5-L03
8851717049354,04B5-L04
8851717049279,04B5-L04
8851717049224,04B5-L04
8851717049200,04B5-L04
8851717049217,04B5-L04
8993007000062,04B5-L04
8850125091504,04B5-L05
8801069178615,04B5-L05
8853002303349,04B5-L06
8853002080110,04B5-L06
8853002302434,04B5-L06
8853002303950,04B5-L06
9556007001676,04B6-L02
8853002306029,04B6-L02
8853002305985,04B6-L02
8851028002505,04B6-L02
8851028001614,04B6-L02
6926892524001,04B6-L02
6921294358674,04B6-L02
8851028003854,04B6-L02
6902083904692,04B6-L03
6902083897765,04B6-L03
6902083886417,04B6-L03
6902083904685,04B6-L03
6902083891329,04B6-L03
6902083893842,04B6-L03
6902083886455,04B6-L03
8850267900047,04B6-L04
8850267800002,04B6-L04
8850267117445,04B6-L04
8850267112228,04B6-L04
8850267117636,04B6-L04
8850267117681,04B6-L04
6900067110206,04B6-L04
8850267112242,04B6-L05
8850267117421,04B6-L05
8850267112273,04B6-L05
8850267117674,04B6-L05
8850267117131,04B6-L06
8850267117124,04B6-L06
8850267800026,04B6-L06
8859349200013,04B7-L02
8850124018205,04B7-L02
6920584471017,04B7-L03
8850151951018,04B7-L03
8858705601679,04B7-L03
8859349200556,04B7-L03
8850188100144,04B7-L04
8851012011315,04B7-L04
8992702000018,04B7-L05
8847103120042,04B7-L05
8858705604915,04B7-L05
8992702000063,04B7-L05
9555513204373,04B7-L06
8881304371117,04B7-L06
8850188140201,04B7-L06
8850151951377,04B7-L06
8850762050322,04B7-L06
8850762050391,04B7-L06
070074118659,04B8-L03
070074407050,04B8-L04
070074407012,04B8-L04
8888426940405,04B8-L05
070074578026,04B8-L06
070074671093,04B8-L06
070074671116,04B8-L06
8852001577874,04B9-L01
8852007982092,04B9-L02
8852007983099,04B9-L03
8852007912099,04B9-L04
8852007903097,04B9-L05
8858755200044,05A1-L01
8858755200037,05A1-L01
8858755200457,05A1-L01
8858761901164,05A1-L01
8858755200013,05A1-L01
8846600169974,05A1-L01
8801037022322,05A1-L01
8851515602300,05A1-L01
9555037203524,05A1-L02
9555037203586,05A1-L02
8850124036315,05A1-L02
8410014926241,05A1-L02
8850086211003,05A1-L02
8801055706457,05A1-L02
8888082114974,05A1-L03
8850124023681,05A1-L03
8850128030029,05A1-L03
8850124011053,05A1-L03
8850124010728,05A1-L03
8852099601321,05A1-L03
8850086194016,05A1-L04
8850086214004,05A1-L04
8850124016980,05A1-L04
8850124009531,05A1-L05
8850124002938,05A1-L05
8850124083111,05A1-L05
8858761900105,05A1-L05
8850125083325,05A1-L05
8850127004397,05A1-L06
8850127004410,05A1-L06
8847105010044,05A1-L06
8850125088139,05A1-L06
8847100501592,05A2-L01
8847100501820,05A2-L01
8847100501257,05A2-L01
8847100501738,05A2-L01
8847100501431,05A2-L01
8847100500007,05A2-L02
8847100509031,05A2-L03
8847100509048,05A2-L03
8847100509000,05A2-L03
8849300318888,05A2-L03
8847100501004,05A2-L03
8847102281577,05A2-L04
8847102281492,05A2-L04
8847102281331,05A2-L04
8847102281256,05A2-L04
8847100501332,05A2-L04
8846600169998,05A2-L04
8847100501356,05A2-L04
8847100501462,05A2-L04
8847100509055,05A2-L05
8847100509017,05A2-L05
8847100509024,05A2-L05
8846600169936,05A2-L05
8846600169943,05A2-L05
8846001513468,05A2-L05
8846001513451,05A2-L05
8846600169967,05A2-L05
8847100506207,05A2-L05
8847102281249,05A2-L06
8847102281522,05A2-L06
8847102281287,05A2-L06
8847102281447,05A2-L06
8846001513598,05A2-L06
8846001513611,05A2-L06
8847105010013,05A2-L06
8847105010037,05A2-L06
8846600169981,05A2-L06
9555021501650,05A2-L06
8847100506238,05A2-L06
8847100501240,05A2-L07
8888311092356,05A3-L01
8888311091878,05A3-L03
8888240052025,05A3-L03
9555076302455,05A3-L04
8888240000040,05A3-L04
9555076300307,05A3-L05
8888311092004,05A3-L05
8888311092011,05A3-L06
8853002305695,05A3-L06
9556771004804,05A4-L01
8886321022103,05A4-L01
9556771000851,05A4-L02
9556771003876,05A4-L02
9556771000295,05A4-L03
9556771004200,05A4-L03
9555076300086,05A4-L04
9555076300000,05A4-L04
9555076300017,05A4-L05
9555076300079,05A4-L05
9555076302721,05A4-L06
8888240008046,05A5-L01
TF2580,05A5-L01
8886311106127,05A5-L01
9555021508192,05A5-L01
8991002103771,05A5-L02
8991002103245,05A5-L02
9555463201484,05A5-L02
8859102130151,05A5-L03
8859102130977,05A5-L03
8859102131417,05A5-L04
8859102130472,05A5-L04
8859102131295,05A5-L04
8859102130809,05A5-L05
8859102131158,05A5-L05
8859102131837,05A5-L05
99555076300307,05A5-L05
8850124007889,05A5-L05
9555076302714,05A5-L06
9555021501681,05A5-L06
9555021503197,05A5-L06
050000397587,05A5-L06
9555021504774,05A6-L01
9555021504804,05A6-L01
9555021506396,05A6-L01
9555021507232,05A6-L01
9555037203555,05A6-L02
9555037203456,05A6-L02
8886311106219,05A6-L03
8886311106233,05A6-L03
8858761901171,05A6-L03
8886311106172,05A6-L04
8886311106196,05A6-L04
8994171101845,05A6-L05
8994171102118,05A6-L05
8994171101296,05A6-L05
8850369260162,05A6-L05
8994171101371,05A6-L06
8994171101852,05A6-L06
8994171101784,05A6-L06
8994171102088,05A6-L06
9555021501391,05A6-L06
8850256640053,05A7-L01
8850256510080,05A7-L01
8851368000254,05A7-L01
8850390042317,05A7-L03
8850390042232,05A7-L03
8888240051189,05A7-L04
8934804032504,05A7-L04
8850086250200,05A7-L04
8850390000065,05A7-L05
8850390031328,05A7-L05
8850390042096,05A7-L05
8850390042942,05A7-L05
8888240053633,05A7-L05
8851753098798,05A7-L05
8888240053732,05A7-L05
8850369250255,05A7-L06
8850390042485,05A7-L06
8850390043093,05A7-L06
8850390042720,05A7-L06
8850390042362,05A7-L06
8850390043109,05A7-L06
8935024120187,05A8-L04
8935024122396,05A8-L04
8935024163511,05A8-L05
8847105010068,05A8-L05
8847102282345,05A8-L05
8935024122129,05A8-L05
8935024122143,05A8-L05
8847102282338,05A8-L06
8935024123966,05A8-L06
8935024122310,05A8-L06
8846001513574,05A8-L06
9557719183223,05A8-L06
8852612100140,05A8-L06
5290074002450,05B1-L01
8888265000612,05B1-L01
8888265000629,05B1-L01
5290074002238,05B1-L01
5290074003136,05B1-L01
5290074002245,05B1-L01
8854761170111,05B1-L02
8854761010110,05B1-L02
5290074002993,05B1-L02
8854761150113,05B1-L02
8854761130115,05B1-L02
8854761120116,05B1-L02
5290074002221,05B1-L02
8854761020010,05B1-L02
8853333000047,05B1-L03
8853333017915,05B1-L03
8853333000078,05B1-L03
8853333015409,05B1-L03
8853333015133,05B1-L03
8853333001815,05B1-L04
8853333000016,05B1-L04
8853333000030,05B1-L04
8853333000054,05B1-L04
8853333000023,05B1-L04
6970784780563,05B1-L04
5290074002269,05B1-L04
8853333010121,05B1-L05
8853333010107,05B1-L05
8853333010053,05B1-L05
8853333010084,05B1-L05
5290074003099,05B1-L05
014800582284,05B1-L05
8854761020218,05B1-L06
8854761010219,05B1-L06
8853333010091,05B1-L06
8853333016284,05B1-L06
8853333015393,05B1-L06
041755001201,05B2-L01
041755001362,05B2-L01
041755001140,05B2-L01
8850260020148,05B2-L01
648436301010,05B2-L02
648436301034,05B2-L02
648436301027,05B2-L02
8850260020131,05B2-L02
8855044004604,05B2-L03
6943871201173,05B2-L03
6943871200770,05B2-L03
6943871202408,05B2-L03
6956416205956,05B2-L03
8853095005144,05B2-L03
8855044007421,05B2-L04
8855044012098,05B2-L04
8855044005571,05B2-L04
8857200111225,05B2-L04
8853095003706,05B2-L04
8859128600171,05B2-L04
6938888889803,05B2-L04
6938888889827,05B2-L04
8855044007438,05B2-L04
8853095001733,05B2-L05
8853095001726,05B2-L05
8853095001757,05B2-L05
8857200111218,05B2-L05
8857099004301,05B2-L05
6926209611189,05B2-L05
8857099003991,05B2-L05
8857099003274,05B2-L05
8859128691117,05B2-L06
6970784780532,05B2-L06
6970784780631,05B2-L06
6970784780518,05B2-L06
8857125795012,05B2-L06
8857099003755,05B2-L06
6926209611172,05B2-L06
4716908223613,05B2-L07
6923681851669,05B2-L07
3092718603014,05B2-L07
8859128691056,05B2-L07
648436300105,05B3-L01
648436300068,05B3-L01
8801382127796,05B3-L01
8801382139478,05B3-L01
4716908323733,05B3-L01
845163008872,05B3-L02
845163004829,05B3-L02
845163007455,05B3-L02
845163008407,05B3-L02
845163008452,05B3-L02
845163008384,05B3-L02
884394007285,05B3-L02
884394007353,05B3-L02
884394007339,05B3-L02
884394007377,05B3-L02
648436300150,05B3-L03
648436300051,05B3-L03
8801382147565,05B3-L03
845163008391,05B3-L03
884394007391,05B3-L03
8859197040212,05B3-L03
8801382145707,05B3-L03
8801382127789,05B3-L03
8859128601680,05B3-L03
8858947450059,05B3-L04
8858947450042,05B3-L04
8858947450066,05B3-L04
8859197040229,05B3-L04
8859197040236,05B3-L04
8858947450127,05B3-L05
8858947450110,05B3-L05
8858947450103,05B3-L05
884394005694,05B3-L05
884394005656,05B3-L05
8850161160851,05B3-L05
884394001511,05B3-L06
8801382147572,05B3-L06
8857124037069,05B3-L06
8857124037038,05B3-L06
8857099006350,05B3-L06
8801382127970,05B3-L06
8857101430869,05B3-L06
8801382128281,05B4-L01
6925303730574,05B4-L02
6921294392685,05B4-L02
6921311105168,05B4-L02
6911988014276,05B4-L02
9554100131702,05B4-L02
8854698006347,05B4-L02
6921294357639,05B4-L03
6920459944325,05B4-L03
6920459905012,05B4-L03
6920459989463,05B4-L03
6921294398434,05B4-L03
6921294393798,05B4-L03
8858891300110,05B4-L04
8854698005043,05B4-L04
4902179014412,05B4-L04
6921294398342,05B4-L04
6921294351941,05B4-L04
8854698002059,05B4-L04
8854698005265,05B4-L05
6925303754952,05B4-L05
6925303755461,05B4-L05
8854698005289,05B4-L05
6920459996508,05B4-L06
6920459996362,05B4-L06
8847100561404,05B4-L06
8854698005234,05B4-L06
6921294391985,05B4-L06
8854698013628,05B4-L06
8850316010246,05B5-L01
070177010775,05B5-L01
070177010799,05B5-L01
070177118518,05B5-L01
070177118525,05B5-L01
070177010768,05B5-L01
8847103900088,05B5-L01
8847103900071,05B5-L01
4901027620300,05B5-L01
8847103900187,05B5-L01
6927435520986,05B5-L02
8801037025194,05B5-L02
8854575000017,05B5-L02
8846000189121,05B5-L02
8888086010302,05B5-L02
4976515008564,05B5-L03
4976515002449,05B5-L03
4976515002319,05B5-L03
8847104520018,05B5-L03
8888086021001,05B5-L03
8888086022008,05B5-L03
6901118910325,05B5-L04
6925437403627,05B5-L04
6925437403573,05B5-L04
6925437403610,05B5-L04
6925437403580,05B5-L04
6925437403641,05B5-L04
6925437403634,05B5-L04
8847100504012,05B5-L05
8847100504326,05B5-L05
8850290010010,05B5-L05
8850290030018,05B5-L05
8850290020019,05B5-L05
6901049101038,05B5-L05
8847102360487,05B5-L06
8846000189657,05B5-L06
8846000189367,05B5-L06
8846000189688,05B5-L06
8846000189640,05B5-L06
8846000189671,05B5-L06
8846000189664,05B5-L06
8846000189312,05B5-L06
8850369039164,05B6-L01
8850369034015,05B6-L01
873453003863,05B6-L01
873453005638,05B6-L01
8854575007153,05B6-L02
8854575007047,05B6-L02
8852612000310,05B6-L02
8850390042638,05B6-L02
8854575007030,05B6-L03
8850316070103,05B6-L03
8850316070127,05B6-L03
8850316070226,05B6-L03
8850316070233,05B6-L03
8854575007252,05B6-L04
8854575007238,05B6-L04
8806129213459,05B6-L04
8858755200136,05B6-L04
8908000097131,05B6-L04
8908000097957,05B6-L04
8850390042577,05B6-L04
8847103900149,05B6-L05
8847102360012,05B6-L05
8847103470079,05B6-L05
8847103470086,05B6-L05
8847103470055,05B6-L05
8847103470048,05B6-L05
8847103470031,05B6-L05
8847103470062,05B6-L06
8847103470024,05B6-L06
9312631153439,05B6-L06
9312631153446,05B6-L06
9312631153477,05B6-L06
9312631153453,05B6-L06
9312631153422,05B6-L06
8854575007122,05B6-L06
9312631153415,05B6-L06
8850316070158,05B6-L06
6930537790843,05B7-L01
6930537762567,05B7-L01
6930537792137,05B7-L01
8847102360067,05B7-L01
8888311091274,05B7-L01
8850127009996,05B7-L02
8850127007183,05B7-L02
8850124099310,05B7-L02
8850127006766,05B7-L02
8850125404052,05B7-L02
8850125093355,05B7-L02
8854575006293,05B7-L03
8854575006491,05B7-L03
8854575006323,05B7-L03
8854575006316,05B7-L03
8858755200587,05B7-L03
8847102360241,05B7-L03
8854575006002,05B7-L03
8850186101020,05B7-L04
8850369015038,05B7-L04
8850369014284,05B7-L04
8850369012082,05B7-L04
8850316070110,05B7-L04
8850369012259,05B7-L05
8850369010095,05B7-L05
8850369016035,05B7-L05
8854575007146,05B7-L05
8859269001271,05B7-L06
8854575003049,05B7-L06
8854575003063,05B7-L06
8850369014024,05B7-L06
8847102360593,05B7-L06
8847102360623,05B7-L06
8847102360258,05B7-L06
8847102360647,05B7-L06
8847103900132,05B8-L01
8847103900293,05B8-L01
8847103900057,05B8-L01
8847103900330,05B8-L01
8847103900392,05B8-L01
8846652887796,05B8-L01
8847103900170,05B8-L01
8850328551713,05B8-L02
749921106377,05B8-L02
8850186103024,05B8-L02
8854575001489,05B8-L02
8854575001564,05B8-L02
6944496600419,05B8-L03
6944496600020,05B8-L03
6944496600631,05B8-L03
6921876100523,05B8-L03
6944496600587,05B8-L03
6944496600211,05B8-L03
6944496600044,05B8-L03
6921686300137,05B8-L03
8999999057459,05B8-L03
749921202079,05B8-L04
749921202055,05B8-L05
749921001429,05B8-L05
8850186100030,05B8-L06
9321778671997,05B8-L06
8850186700131,05B8-L06
8850186100139,05B8-L06
8850186100078,05B8-L06
8850186102003,05B8-L06
8850186100061,05B8-L06
8850186700070,05B8-L06
7640110704868,05B8-L06
014100085614,05BO-L01
014100096061,05BO-L02
014100085508,05BO-L02
014100085607,05BO-L03
014100093626,05BO-L03
014100074649,05BO-L04
014100074106,05BO-L04
014100074724,05BO-L05
014100099970,05BO-L05
014100077084,05BO-L06
014100074120,05BO-L06
014100078609,05BO-L07
9555701502731,06A1-L01
9555701502762,06A1-L01
8996001303658,06A1-L02
9556995202543,06A1-L02
9555311003048,06A1-L02
8996001303078,06A1-L03
9556995202161,06A1-L03
8996001303627,06A1-L04
9556995200327,06A1-L04
8996001303863,06A1-L05
9556995202055,06A1-L05
9556995202888,06A1-L06
9556995202871,06A1-L06
9556439880856,06A2-L01
9556390336584,06A2-L01
9556466214907,06A2-L01
9555701501758,06A2-L01
9556466214891,06A2-L02
9555039901626,06A2-L02
9555311002522,06A2-L02
9555311003055,06A2-L02
9556121027163,06A2-L03
9556121027156,06A2-L03
9556184700010,06A2-L03
9556184700003,06A2-L03
9555039902876,06A2-L03
721557365229,06A2-L03
9555039902845,06A2-L03
9556184800093,06A2-L04
9556184800079,06A2-L04
9556184800123,06A2-L04
089686687033,06A2-L04
9556167120309,06A2-L04
721557365519,06A2-L05
721557365533,06A2-L05
9555311002980,06A2-L05
721557365526,06A2-L05
9556218120722,06A2-L05
9555039903477,06A3-L01
9555039902296,06A3-L01
9555039901718,06A3-L01
9556184800048,06A3-L02
9556121012015,06A3-L02
9556121009763,06A3-L02
9555039903651,06A3-L02
721557362532,06A3-L03
721557362501,06A3-L03
8992775346013,06A3-L03
721557362518,06A3-L03
8997208740024,06A3-L04
8997208740017,06A3-L04
8997208740031,06A3-L04
721557365502,06A3-L04
8995077604430,06A3-L05
8995077604423,06A3-L05
8995077602382,06A3-L05
9555039903798,06A3-L05
9555039903613,06A3-L05
9556218126816,06A4-L01
9556218126847,06A4-L01
9556218126892,06A4-L01
9556218126830,06A4-L01
9556218126823,06A4-L02
9556218126854,06A4-L02
9556055663239,06A4-L02
9556055663536,06A4-L03
9556055663338,06A4-L03
9556218121521,06A4-L03
9556055663437,06A4-L03
8850425004976,06A4-L04
8850425004754,06A4-L04
8850425008318,06A4-L04
8935006355446,06A4-L04
8850425005010,06A4-L05
8850425005034,06A4-L05
9556167340271,06A4-L05
9556055663550,06A4-L05
9556218126700,06A4-L06
9556218126694,06A4-L06
9556218126434,06A4-L06
9556218126458,06A4-L06
8850426000526,06A5-L01
8850425008578,06A5-L01
8850580200381,06A5-L01
9556167230978,06A5-L01
845502061407,06A5-L02
8801062006205,06A5-L02
8801062475148,06A5-L02
9556218128186,06A5-L02
8801117534912,06A5-L02
8801117807634,06A5-L03
8801117826918,06A5-L03
8801062160709,06A5-L03
838452005881,06A5-L03
9556167340264,06A5-L03
8801117807610,06A5-L04
8801062161881,06A5-L04
8847103900248,06A5-L04
9556218127578,06A5-L04
9556218127554,06A5-L04
8801117870416,06A5-L05
5000168191898,06A5-L05
9556218128780,06A5-L05
9556218128179,06A5-L05
8801062475162,06A5-L06
8936036020274,06A5-L06
4895058312740,06A6-L01
8991102308861,06A6-L01
8857122996276,06A6-L01
8857122996436,06A6-L01
9556121009220,06A6-L01
8991102381109,06A6-L02
8991102381024,06A6-L02
8991102380805,06A6-L02
8991102381222,06A6-L02
8992775000014,06A6-L02
8992775311998,06A6-L02
9556121003884,06A6-L03
8852008300680,06A6-L03
9556466220434,06A6-L03
8851019010144,06A6-L03
8801062516858,06A6-L03
9556121020188,06A6-L04
9556439880603,06A6-L04
9556466220458,06A6-L04
9556466220441,06A6-L04
8858694610287,06A6-L04
8851019010496,06A6-L04
9556995201973,06A6-L04
8995077603327,06A6-L05
8995077609312,06A6-L05
8995077609343,06A6-L05
9556466214259,06A6-L05
9556121020171,06A6-L05
8858694610256,06A6-L05
8995077603686,06A6-L06
8995077609329,06A6-L06
8995077603693,06A6-L06
8995077609350,06A6-L06
8851019910482,06A6-L06
9556995201980,06A6-L06
8992775311486,06A6-L06
8888077101378,06A6-L06
8850332413168,06A7-L01
8996001301777,06A7-L01
8996001301760,06A7-L01
8850332251685,06A7-L01
8850332251647,06A7-L01
4902458001232,06A7-L01
4902458001225,06A7-L01
039047050747,06A7-L02
8850332222142,06A7-L02
8850332222111,06A7-L02
8801062144815,06A7-L02
8852047333458,06A7-L02
039047005136,06A7-L03
039047050709,06A7-L03
039047005440,06A7-L03
039047005426,06A7-L03
039047001152,06A7-L03
8857111381854,06A7-L03
8857111381670,06A7-L03
3178530409673,06A7-L04
3178530407914,06A7-L04
3178530402278,06A7-L04
3178530411478,06A7-L04
8857111381472,06A7-L04
8857111381663,06A7-L04
3023470001015,06A7-L05
3023470010017,06A7-L05
3178530400687,06A7-L05
3178530402995,06A7-L05
3178530402988,06A7-L05
3178530403022,06A7-L05
4028491407340,06A7-L05
8995077603778,06A7-L06
8888077108278,06A7-L06
8850291104350,06A7-L06
8850291104343,06A7-L06
8850291107344,06A7-L06
8850291104374,06A7-L06
4028491407050,06A7-L06
8995077609183,06A7-L06
9556439887053,06A7-L06
8995077603785,06A7-L06
8995077609008,06A7-L06
8888077101101,06A8-L01
8888077101224,06A8-L01
8888077102023,06A8-L01
8888077102092,06A8-L01
8888077108032,06A8-L01
8888077101125,06A8-L02
8888077101200,06A8-L02
9555115904121,06A8-L02
9555115901861,06A8-L02
9555115907207,06A8-L02
8852008302646,06A8-L02
8852008300079,06A8-L02
009800800056,06A8-L02
8852047333403,06A8-L03
8888077102078,06A8-L03
9556466219889,06A8-L04
9556466219896,06A8-L04
9556466219872,06A8-L04
6914253436919,06A8-L04
6914253436896,06A8-L04
8851019010137,06A8-L04
8994504124312,06A8-L05
8994504124329,06A8-L05
8852021540278,06A8-L05
8852021540285,06A8-L05
8994504162017,06A8-L05
8858694610102,06A8-L05
8852008510522,06A8-L06
8851019010489,06A8-L06
3178530412208,06A8-L06
4028491407333,06A8-L06
8000380004966,06A9-L01
8000380004911,06A9-L02
8000380004942,06A9-L03
8000380005925,06A9-L04
8000380005949,06A9-L04
8000380142460,06A9-L04
8000380005963,06A9-L04
8000380005918,06A9-L05
8000380140541,06A9-L05
80001263,06A9-L06
80001218,06A9-L06
80001249,06A9-L06
8000380153480,06A9-L06
8000380005512,06A9-L06
8000380005574,06A9-L06
8000380186044,06A9-L07
8000380186013,06A9-L07
8000380186037,06A9-L07
8996001320327,06B0-L01
8996001320273,06B0-L02
8998666002372,06B0-L03
8850580000127,06B0-L05
8996001340325,06B0-L05
8996001410691,06B0-L05
8996001320136,06B0-L06
8996001320051,06B0-L06
7622300136055,06B1-L01
8992760223015,06B1-L01
8992760121090,06B1-L01
8992760221028,06B1-L01
6901668053121,06B1-L02
4893049130007,06B1-L02
8996001304716,06B1-L03
8996001304709,06B1-L03
5000168001203,06B1-L03
8992760211029,06B1-L03
9556466214822,06B1-L03
8992760221035,06B1-L04
8992760223046,06B1-L04
9300650025219,06B1-L05
8888166994348,06B1-L05
8992760221066,06B1-L06
7622300761363,06B1-L07
7622300761349,06B1-L07
9556802000058,06B2-L01
9556802000041,06B2-L01
9556802000034,06B2-L01
9556848215027,06B2-L01
6911988009777,06B2-L01
8850580200046,06B2-L01
8858694601230,06B2-L02
8858694601445,06B2-L02
9556167230633,06B2-L02
9556167230046,06B2-L02
8858694601032,06B2-L03
8858279001950,06B2-L03
8858279001417,06B2-L03
9555480007311,06B2-L03
8994755010334,06B2-L03
8850309200333,06B2-L03
9556466217250,06B2-L04
9556466212675,06B2-L04
9556173485201,06B2-L04
9556173485218,06B2-L04
9556466212835,06B2-L04
8850309201705,06B2-L04
9556390233333,06B2-L05
9556390213335,06B2-L05
9556121024025,06B2-L05
9556121003419,06B2-L05
9556121002344,06B2-L05
9556167230657,06B2-L05
8888166989948,06B2-L05
8858279001035,06B2-L05
9556167230329,06B2-L05
8997208740062,06B2-L06
8997208740055,06B2-L06
8997208740079,06B2-L06
8997208740130,06B2-L06
8997208740154,06B2-L06
8997208740147,06B2-L06
8850309212480,06B2-L06
8996001304686,06B2-L07
8994755030332,06B2-L07
9556167230626,06B2-L07
9556167230640,06B2-L07
8858694601087,06B2-L07
8850309150027,06B3-L01
6914782203631,06B3-L01
8888166995628,06B3-L01
8850309213180,06B3-L02
8850309150171,06B3-L02
6911988013538,06B3-L02
8850309211223,06B3-L02
8850309203006,06B3-L03
8850309204379,06B3-L03
8991102381314,06B3-L03
8852047111827,06B3-L03
8852047111834,06B3-L03
8850309201354,06B3-L04
8850309200142,06B3-L04
8992760211036,06B3-L04
6033278728120,06B3-L04
6922444779370,06B3-L04
5000396001136,06B3-L05
6970990211349,06B3-L05
6970990211363,06B3-L05
6933278728120,06B3-L05
6911988017840,06B3-L06
8858279001882,06B3-L06
8886015428136,06B3-L06
8858279001196,06B3-L06
6970831340504,06B3-L06
9556196006063,06B3-L07
9556196001143,06B3-L07
8997208740086,06B3-L07
8997208740093,06B3-L07
8888166992955,06B3-L07
4893049000423,06B3-L07
9556390035784,06B4-L01
6902264807316,06B4-L01
6923250619256,06B4-L01
8998389134480,06B4-L01
6911988015778,06B4-L02
6911988006783,06B4-L02
6911988013545,06B4-L02
8847100570321,06B4-L02
4902458001256,06B4-L03
9555480004945,06B4-L03
9555480004952,06B4-L03
8998389134428,06B4-L03
9556167230268,06B4-L03
8850332242034,06B4-L04
6911988013576,06B4-L04
6911988013606,06B4-L04
8887229020123,06B4-L04
9556167230213,06B4-L04
5000168164045,06B4-L04
873453006253,06B4-L05
059290500677,06B4-L05
4895058313525,06B4-L05
4893049000416,06B4-L05
6914782203594,06B4-L05
9556466217328,06B4-L06
8887229020055,06B4-L06
8887229020024,06B4-L06
9556466212590,06B4-L06
8998389131045,06B4-L06
5000396014822,06B4-L07
5000396014877,06B4-L07
50396238,06B4-L07
9555480007304,06B4-L07
9555480007335,06B4-L07
5000396008784,06B4-L07
6911988011619,06B5-L01
6911988014887,06B5-L01
6911988014825,06B5-L01
8005121214369,06B5-L02
8005121214260,06B5-L02
8005121214239,06B5-L02
9556085501747,06B5-L02
9556390258169,06B5-L02
9556390238161,06B5-L02
9556184200220,06B5-L03
9556184220020,06B5-L03
9556121000838,06B5-L03
9556390218163,06B5-L03
9556995160522,06B5-L04
9556184220013,06B5-L04
9556995240019,06B5-L04
9556121000494,06B5-L04
9556995203472,06B5-L05
9556995240002,06B5-L05
9310155570107,06B5-L05
8886015427139,06B5-L05
9556995240026,06B5-L05
9556995110749,06B5-L05
6920912348578,06B5-L06
8888166994409,06B5-L06
8992775315095,06B5-L06
8888166341036,06B5-L07
6920912353664,06B5-L07
8992775305102,06B5-L07
9556184200329,06B6-L01
9556390008900,06B6-L01
9556466211272,06B6-L01
9556466211296,06B6-L01
9556184036034,06B6-L02
9556085319748,06B6-L02
9556184200305,06B6-L02
9556184200312,06B6-L02
8996001302354,06B6-L02
8005121214338,06B6-L02
9556184220129,06B6-L02
9555039903200,06B6-L03
9555039920016,06B6-L03
9555039903781,06B6-L03
9556390263330,06B6-L03
9556184500078,06B6-L04
8998389134473,06B6-L04
8996001302286,06B6-L05
8996001302934,06B6-L05
9556466212330,06B6-L05
9556184500023,06B6-L05
9556184150051,06B6-L06
9556466212866,06B6-L06
9556184150167,06B6-L06
9556184500047,06B6-L06
9556121026920,06B6-L07
8996001302026,06B6-L07
9556121026906,06B6-L07
9556562002996,06B7-L01
9556562003009,06B7-L01
8850332242010,06B7-L01
9556439892248,06B7-L02
9556466217984,06B7-L02
9556466217977,06B7-L02
9556466217960,06B7-L02
9556466217991,06B7-L02
9556121026500,06B7-L03
9556121026111,06B7-L03
9556121000234,06B7-L03
9556184200275,06B7-L03
9556121027781,06B7-L04
9556995121059,06B7-L04
9556995121066,06B7-L04
9556439885165,06B7-L04
9556995121110,06B7-L04
9556439881600,06B7-L05
9556121000333,06B7-L05
9555039903248,06B7-L06
9556439881068,06B7-L06
9555039903255,06B7-L06
9556121027606,06B7-L06
4895058313884,06B7-L07
9555115905630,06B7-L07
9555115900970,06B7-L07
9555115900949,06B7-L07
9555319105409,06B8-L01
9555319101210,06B8-L01
721557362068,06B8-L02
9555319109438,06B8-L03
4895058310616,06B8-L03
4895058310630,06B8-L03
4895058312115,06B8-L03
9555039903675,06B8-L04
9555039903668,06B8-L04
9555039903682,06B8-L04
8994075270135,06B8-L04
8994075260532,06B8-L04
8888926032310,06B8-L04
8994075260488,06B8-L04
873453007731,06B8-L05
873453007762,06B8-L05
873453007748,06B8-L05
8888077103396,06B8-L06
8888077103389,06B8-L06
6937638103022,06B9-L01
8992775315057,06B9-L01
6941025703337,06B9-L02
4899707011503,06B9-L03
4899707011527,06B9-L03
6937638102735,06B9-L03
4899707011534,06B9-L04
4899707011510,06B9-L04
6937638102797,06B9-L05
6937638102773,06B9-L05
6933749099896,06B9-L06
6932866800026,06B9-L06
6932866800019,06B9-L06
6970831340368,06B9-L06
8852052011600,07A1-L01
8852052114608,07A1-L02
8852052110600,07A1-L03
6924743915763,07A1-L04
028400055093,07A1-L04
028400055154,07A1-L04
028400055109,07A1-L04
6970990210175,07A1-L05
6970990210144,07A1-L05
6970990210182,07A1-L05
8851727001045,07A1-L05
8850291104145,07A1-L05
6970990212322,07A1-L06
6970990212360,07A1-L06
6970990212339,07A1-L06
8850291104138,07A1-L06
8851727003032,07A1-L06
038000183713,07A2-L01
038000138607,07A2-L01
038000138416,07A2-L02
038000138720,07A2-L02
038000138638,07A2-L03
038000138874,07A2-L03
038000138577,07A2-L04
038000138430,07A2-L04
8886467100031,07A2-L05
8886467100017,07A2-L05
8886467100024,07A2-L05
8886467100154,07A2-L06
8886467100055,07A2-L06
8886467100048,07A2-L06
8886467100062,07A2-L06
9556023785635,07A2-L06
9555727900214,07A3-L01
9555727900313,07A3-L01
9555727900719,07A3-L01
9555727900115,07A3-L01
9555727900016,07A3-L01
9555727900412,07A3-L01
9556218120616,07A3-L02
9556218120623,07A3-L02
9556218120630,07A3-L02
9556218120609,07A3-L02
9556218120647,07A3-L02
4895058314294,07A3-L03
4895058314287,07A3-L03
4895058314836,07A3-L03
721557357873,07A3-L03
721557357880,07A3-L03
9556218120593,07A3-L03
9556023896744,07A3-L04
9556023909369,07A3-L04
9556023674526,07A3-L04
9556023210199,07A3-L04
9556023652142,07A3-L05
9556023985578,07A3-L05
9556023110475,07A3-L05
9556023107697,07A3-L05
9556023907860,07A3-L05
9557062331128,07A3-L06
9557062331159,07A3-L06
9557062331142,07A3-L06
9557062361279,07A3-L06
9557062331135,07A3-L06
6924743915770,07A3-L06
721557371015,07A4-L01
721557371008,07A4-L02
8936036024722,07A4-L03
8936036021660,07A4-L03
8936036024739,07A4-L03
8936036020977,07A4-L04
8936036024692,07A4-L05
8936036021745,07A4-L05
6970990211400,07A4-L06
6970990211417,07A4-L06
6970990211448,07A4-L06
089686599077,07A4-L06
9556345018312,07A4-L07
9556345280122,07A4-L07
9556345280061,07A4-L07
721557371077,07A5-L01
721557371060,07A5-L01
8852681021704,07A5-L01
8852681021698,07A5-L01
6946431800304,07A5-L02
6946431800342,07A5-L02
6946431800625,07A5-L02
6946431800298,07A5-L02
9556345007491,07A5-L02
6946431800335,07A5-L03
6946431800281,07A5-L03
6946431800267,07A5-L03
9555593300055,07A5-L03
6946431800274,07A5-L04
6946431800359,07A5-L04
6946431800328,07A5-L04
6946431800311,07A5-L04
9555593300052,07A5-L04
9555593300054,07A5-L04
9556345282089,07A5-L05
9556023331597,07A5-L05
4901330161279,07A5-L05
8936036022131,07A5-L05
9556252614119,07A5-L06
8851016002685,07A5-L06
9556252617110,07A5-L06
8851016000650,07A5-L06
9556345280078,07A5-L07
9556345008573,07A5-L07
9556345007484,07A5-L07
5000396047981,07A5-L07
9555593300056,07A5-L07
8997788999621,07A6-L01
8997788999638,07A6-L01
4895058313464,07A6-L01
8858223008479,07A6-L01
9556241610405,07A6-L02
9556241600314,07A6-L02
8851016001091,07A6-L02
8851016001169,07A6-L02
5000396048049,07A6-L02
8851016001404,07A6-L02
078907450396,07A6-L03
078907450310,07A6-L03
6924743915077,07A6-L03
9556241350073,07A6-L04
6924743915084,07A6-L04
6924743915114,07A6-L04
9556023331078,07A6-L04
3336971307044,07A6-L04
9556241350059,07A6-L04
9556023897741,07A6-L04
4710199110775,07A6-L05
4710199109519,07A6-L05
4710199109533,07A6-L05
074410732998,07A6-L05
6924743915060,07A6-L05
4710199109557,07A6-L06
4710199109571,07A6-L06
4710199080597,07A6-L06
9556345280016,07A6-L07
9556345280047,07A6-L07
031146201105,07A6-L07
5060042641406,07A7-L01
5060042641420,07A7-L01
5060042641413,07A7-L01
5060042641000,07A7-L01
5060042641437,07A7-L01
8997788998624,07A7-L02
8997788998617,07A7-L02
8997788990857,07A7-L02
8997788990635,07A7-L03
8997788990680,07A7-L03
8997788990659,07A7-L04
8997788990840,07A7-L04
721557371084,07A7-L04
8851016010079,07A7-L04
5060042640751,07A7-L05
5060042640775,07A7-L05
5060042640690,07A7-L05
5060042640768,07A7-L05
9556345007477,07A7-L05
024100122615,07A7-L06
873453007175,07A7-L06
8997788990833,07A7-L06
8997788990864,07A7-L06
8997031609024,07A7-L07
8997031609017,07A7-L07
8997788990802,07A7-L07
8997031609031,07A7-L07
8846001557790,07A8-L02
8846001557776,07A8-L03
721557362037,07A8-L03
8846001557615,07A8-L04
8846001557608,07A8-L04
8846001557592,07A8-L04
6920616317580,07A8-L05
8846001557783,07A8-L05
6920766212803,07A8-L05
4710144802380,07A8-L06
6863528033868,07A8-L06
4710144101216,07A8-L06
6920616312738,07A8-L06
8886421565098,07B1-L01
8886421565074,07B1-L01
800050009673,07B1-L01
6931078920119,07B1-L01
8886421563018,07B1-L02
8886421563025,07B1-L02
8886421563001,07B1-L02
8886421562035,07B1-L02
8886421562004,07B1-L02
8886421562042,07B1-L02
8886421562028,07B1-L02
4014400901191,07B1-L02
4014400901405,07B1-L02
7610400987318,07B1-L03
7610400060950,07B1-L03
3046920029674,07B1-L04
7610400099967,07B1-L04
7610400069502,07B1-L04
7610400010108,07B1-L04
7610400070188,07B1-L04
7610400010023,07B1-L04
7610400014038,07B1-L04
7610400068369,07B1-L05
7610400074155,07B1-L05
7610400014649,07B1-L05
3046920028004,07B1-L05
3046920028363,07B1-L05
3046920028752,07B1-L05
7610400068505,07B1-L06
7610400068529,07B1-L06
8000500003787,07B2-L01
8000500032237,07B2-L01
9556863900397,07B2-L01
8850305320493,07B2-L01
8000500010709,07B2-L02
80135906,07B2-L02
4902777001807,07B2-L02
4902777090337,07B2-L02
8850305320288,07B2-L03
8850305320295,07B2-L03
8850305320240,07B2-L04
8850305320394,07B2-L04
8850305320264,07B2-L04
8850305310722,07B2-L04
8850305320486,07B2-L05
8850305311064,07B2-L05
6931078930408,07B2-L05
6931078920096,07B2-L05
9556863220358,07B2-L06
9555086408154,07B2-L06
80001096,07B2-L06
80001256,07B2-L06
80001393,07B2-L06
80001072,07B2-L06
8000380157440,07B2-L06
8000380156832,07B2-L06
4000417701008,07B2-L06
4000417237002,07B2-L06
4000417703002,07B2-L06
4000417700001,07B2-L06
4000417212009,07B2-L06
4000417214003,07B2-L06
9556863220341,07B2-L07
6971486420108,07B3-L01
9555115906415,07B3-L02
9555115905654,07B3-L03
93682961,07B3-L04
9300682001304,07B3-L04
93682978,07B3-L04
9556196101799,07B3-L04
9556196101010,07B3-L04
9556196001617,07B3-L04
9556196006308,07B3-L04
8935001704126,07B3-L04
5900020029348,07B3-L05
8935001721611,07B3-L05
8935001704300,07B3-L05
6914973607729,07B3-L05
6914973600362,07B3-L05
6291003085086,07B3-L05
6291003045288,07B3-L05
012546011471,07B3-L06
9556001216144,07B3-L06
9556001215932,07B3-L06
95502489,07B3-L06
9556001670700,07B3-L06
9300682051385,07B3-L06
4902777015927,07B3-L06
4902777090603,07B3-L06
4902777026329,07B3-L07
4902777026107,07B3-L07
8847101820043,07B3-L07
8847101820012,07B3-L07
6291003087400,07B3-L07
6291003087325,07B3-L07
93682923,07B3-L07
6940996702707,07B3-L08
6940996702714,07B3-L08
6940996702721,07B3-L08
6940996702004,07B3-L08
6940996702387,07B3-L08
6940996702974,07B3-L08
49770308,07B3-L08
038000317316,07B3-L08
6940996702394,07B3-L08
4037719067211,07B4-L09
4013197767119,07B4-L09
4013197762244,07B4-L09
4037719067204,07B4-L09
4037719067228,07B4-L09
4037719067952,07B4-L09
4037719068171,07B4-L09
4037719068195,07B4-L09
4037719167065,07B4-L09
4037719068317,07B4-L09
4037719065002,07B4-L09
8935001720560,07B4-L1
4897010448016,07B4-L1
8850305310340,07B4-L1
8850305310258,07B4-L1
8858705610190,07B4-L1
8858705610206,07B4-L1
8858705610213,07B4-L1
8935001712305,07B4-L2
9557253900041,07B4-L2
8936045080221,07B4-L2
50819379,07B4-L2
50819386,07B4-L2
50357741,07B4-L2
50357574,07B4-L2
50084418,07B4-L2
8850338002953,07B4-L3
8850338000973,07B4-L3
8850338008412,07B4-L3
8850338009051,07B4-L3
8850338008382,07B4-L3
8850338008443,07B4-L3
7610700614679,07B4-L3
7610700607091,07B4-L3
7610700607008,07B4-L3
7610700607046,07B4-L3
9556127201017,07B4-L3
9556127203011,07B4-L3
9556127202014,07B4-L3
8935001707165,07B4-L3
8850338017254,07B4-L3
8850338017193,07B4-L4
8850338017223,07B4-L4
6928542902795,07B4-L4
8992858688115,07B4-L4
8992858687408,07B4-L4
8992696520745,07B4-L4
6924513905598,07B4-L4
6924513906175,07B4-L4
6924513906205,07B4-L4
6924513906588,07B4-L4
6920560420268,07B4-L4
8935001720799,07B4-L5
8935001710875,07B4-L5
6921211102762,07B4-L5
6921211102731,07B4-L5
8935001720430,07B4-L5
8935001708414,07B4-L5
8850338009440,07B4-L5
8850338009471,07B4-L5
8850338009839,07B4-L5
8850338021329,07B4-L5
8990800200019,07B4-L5
9555192507116,07B4-L5
9555192507215,07B4-L5
8935001721925,07B4-L6
8935001708964,07B4-L6
8935001722571,07B4-L6
8935001707387,07B4-L6
8935001722595,07B4-L6
8935001710622,07B4-L6
8850338016301,07B4-L6
8850338020186,07B4-L6
8850338016523,07B4-L6
8850338016554,07B4-L6
8850338020520,07B4-L6
8850338020537,07B4-L6
9555192501107,07B4-L7
8936045080245,07B4-L7
9555192506188,07B4-L7
9555192507772,07B4-L7
9555192507864,07B4-L7
9555192508755,07B4-L7
9555192508786,07B4-L7
4897010448023,07B4-L7
8936045081815,07B4-L7
8936045081839,07B4-L7
4002590703947,07B4-L8
4002590703930,07B4-L8
4002590705729,07B4-L8
4002590703961,07B4-L8
4002590703985,07B4-L8
4002590703954,07B4-L8
7610700600863,07B4-L8
7610700602393,07B4-L8
8997878001715,07B5-L1
8997878001876,07B5-L1
8997878001548,07B5-L1
882095222693,07B5-L1
8690997172891,07B5-L1
8850939925378,07B5-L2
8850939905431,07B5-L2
8850939101321,07B5-L2
8991002306219,07B5-L2
8846600196246,07B5-L2
8846600196215,07B5-L2
6922024732665,07B5-L3
6922024732887,07B5-L3
6926719110219,07B5-L3
8996001375259,07B5-L3
6926719110080,07B5-L4
6926719110127,07B5-L4
6926719110059,07B5-L4
6926719110097,07B5-L4
8846600197021,07B5-L4
8846600197052,07B5-L4
6926719110295,07B5-L5
6926719110288,07B5-L5
6926719110264,07B5-L5
6926719110271,07B5-L5
8846600197014,07B5-L5
8846600196390,07B5-L5
8846600196383,07B5-L5
8846600196734,07B5-L5
686464516006,07B5-L6
686464525008,07B5-L6
686464563000,07B5-L6
8850408001008,07B5-L6
8850408000995,07B5-L6
6935855703551,07B5-L6
6935855703094,07B5-L6
6935855703063,07B5-L6
6920192334643,07B5-L7
6935855703582,07B5-L7
6935855703155,07B5-L7
6935855703216,07B5-L7
6935855703186,07B5-L7
8846600197045,07B5-L7
8846600197069,07B5-L7
6926719110230,07B6-L1
073563020068,07B6-L1
6951613500064,07B6-L1
8997878001517,07B6-L1
8690997172877,07B6-L1
8991002311015,07B6-L1
6926719110011,07B6-L1
6924406002038,07B6-L1
8852117000464,07B6-L2
6956588500309,07B6-L2
6951302288730,07B6-L2
9555737301698,07B6-L3
8852117000273,07B6-L3
8852117000266,07B6-L3
8990800003870,07B6-L3
8852117380146,07B6-L3
882095222679,07B6-L4
882095222686,07B6-L4
882095222662,07B6-L4
9555876200074,07B6-L4
9555876200098,07B6-L4
8801062332052,07B6-L4
8991002306202,07B6-L5
3258561070506,07B6-L5
8991002306523,07B6-L5
9556320280130,07B6-L5
8690997167088,07B6-L6
8997878003238,07B6-L6
8850338000553,07B6-L6
8850338005206,07B6-L6
8850338000546,07B6-L6
8990800003894,07B6-L6
8997878001241,07B7-L1
034000446001,07B7-L1
8997878001210,07B7-L1
6925925902809,07B7-L1
8856548024358,07B7-L1
8690997167071,07B7-L1
8856548033343,07B7-L2
6939873088560,07B7-L2
8004190053299,07B7-L3
9555477000554,07B7-L3
8008380001732,07B7-L3
9555477000561,07B7-L3
8690997167101,07B7-L3
9556320660093,07B7-L3
6939873088362,07B7-L4
6926719110066,07B7-L4
6924406002021,07B7-L4
8850338002878,07B7-L4
4895058311330,07B7-L5
9556320280079,07B7-L5
9556320280109,07B7-L5
9556320800314,07B7-L5
9556320100544,07B7-L5
8801062332250,07B7-L5
4014400918090,07B7-L6
9556320100537,07B7-L6
9556320100513,07B7-L6
9556320100506,07B7-L6
9556320100520,07B7-L6
4014400916591,07B7-L7
4014400912593,07B7-L7
4014400918113,07B7-L7
4014400918083,07B7-L7
4014400920598,07B7-L7
8996001321089,07B7-L7
9556001222268,07B7-L7
8850425001722,07B8-L1
8888296038301,07B8-L1
8850425003894,07B8-L1
888829603862,07B8-L1
8691216024595,07B8-L2
8691216014916,07B8-L2
8888296038288,07B8-L2
8888296038554,07B8-L2
8691216024601,07B8-L3
8691216014909,07B8-L3
9556793620327,07B8-L3
8888296038462,07B8-L3
8691216090477,07B8-L4
8691216050495,07B8-L4
8691216090439,07B8-L4
8691216090521,07B8-L4
8888296038493,07B8-L4
8888296038400,07B8-L4
9556793620280,07B8-L4
8691216090507,07B8-L4
8691216090545,07B8-L5
8691216090453,07B8-L5
9556793620341,07B8-L5
8691216090491,07B8-L5
8691216090446,07B8-L6
8691216090484,07B8-L6
8691216090460,07B8-L6
4901088011963,07B8-L6
8888296038486,07B8-L6
8691216090552,07B8-L7
8888296038325,07B8-L7
9556793620303,07B8-L7
4901088000202,07B8-L7
8691216090514,07B8-L7
721557357316,07B9-L1
9555028702098,07B9-L2
24173698,07B9-L3
9555028704726,07B9-L4
4897032161283,07B9-L4
8888296036369,07B9-L5
8888296036406,07B9-L5
8888296036321,07B9-L5
8888296036307,07B9-L5
8888296036383,07B9-L6
8888296036345,07B9-L6
8888296036246,07B9-L6
8888296036260,07B9-L7
8888296036208,07B9-L7
DAIKON,NU01-L1
8847104680164,NU01-L1
8847104680168,NU01-L1
8847104680165,NU01-L1
8847104680166,NU01-L1
8847103931815,NU01-L2
9999622657727,NU01-L2
8847103931617,NU01-L3
9999622687663,NU01-L3
9999622617981,NU01-L4
8847103932225,NU01-L4
8847103931419,NU01-L4
8847103931310,NU01-L4
8846001523016,NU01-L5
8846001522026,NU01-L5
8846001522019,NU01-L5
8846001522125,NU01-L6
8846001521043,NU01-L6
8846001522118,NU01-L7
8846001522002,NU01-L7
8846001521036,NU01-L7
8846001523009,NU01-L7
8846001523030,NU01-L7
8846001523047,NU01-L7
8850096910552,NU02-L1
8850096910019,NU02-L1
9555495501019,NU02-L1
8850783001532,NU02-L2
8850783000214,NU02-L2
8850043333175,NU02-L2
8850043332185,NU02-L2
8850043333403,NU02-L2
8850043332543,NU02-L2
8850096910354,NU02-L2
8850291101168,NU02-L3
8850043333410,NU02-L3
8850096730037,NU02-L3
8850096730358,NU02-L3
8850096730921,NU02-L3
8850291111600,NU02-L3
8850291531309,NU02-L3
8850291291500,NU02-L3
8850096910217,NU02-L3
8850096910392,NU02-L3
8850291106262,NU02-L4
8850291102110,NU02-L4
8850291202858,NU02-L4
8850291106576,NU02-L4
8850291106569,NU02-L4
885291102110,NU02-L4
1688794420007,NU02-L5
1688805528883,NU02-L5
1688794445796,NU02-L5
1688794435216,NU02-L5
8850522981040,NU02-L5
8846000960164,NU02-L5
16888044252213,NU02-L5
8855282100915,NU02-L5
8849301842238,NU02-L6
8847107072224,NU02-L6
1688794456792,NU02-L6
1688805528890,NU02-L6
1688794445772,NU02-L6
1688794459007,NU02-L6
1688794415218,NU02-L6
1688794425217,NU02-L6
1688805528876,NU02-L6
8847107072231,NU02-L7
8849301842245,NU02-L7
8847107072217,NU02-L7
8849301842214,NU02-L7
8847107072200,NU02-L7
6934895503480,NU02-L7
8850291100598,NU03-L1
8850291100512,NU03-L1
8850291100437,NU03-L1
8850291100567,NU03-L1
8850291100468,NU03-L1
8850291103322,NU03-L1
8850291100475,NU03-L1
9999912564230,NU03-L1
8850291103605,NU03-L2
8850291103544,NU03-L2
8850291211607,NU03-L2
8850291107634,NU03-L2
8850291103186,NU03-L2
8850291102745,NU03-L2
8850291150456,NU03-L3
8850291100192,NU03-L3
8850291710414,NU03-L3
8850291830402,NU03-L3
8850291510410,NU03-L3
8852049401117,NU03-L4
8852049402114,NU03-L4
8850291110511,NU03-L4
8850291900464,NU03-L4
8850291210464,NU03-L4
8850291510717,NU03-L4
8850291106750,NU03-L5
8850291102721,NU03-L5
8850291109003,NU03-L5
8850291140655,NU03-L5
8850291103087,NU03-L5
8938502623248,NU03-L5
8850291103094,NU03-L5
8850291530463,NU03-L6
8850291105630,NU03-L6
8850291150906,NU03-L6
8850291102455,NU03-L6
8850291101557,NU03-L6
8850291104077,NU03-L6
8850291110719,NU03-L7
8850291310416,NU03-L7
8850291300417,NU03-L7
8850291010408,NU03-L7
8850291290510,NU03-L7
8850291180309,NU03-L8
8850291100185,NU03-L8
8850291160356,NU03-L8
8850291160318,NU03-L8
8850291100031,NU03-L8
8888095041793,NU04-L1
8888095038793,NU04-L1
8888095430894,NU04-L1
8888095020798,NU04-L1
8888095430887,NU04-L1
8888095036799,NU04-L1
9351585000017,NU04-L2
9351585000000,NU04-L2
9351585000024,NU04-L2
9555495501071,NU04-L2
9555495501057,NU04-L2
9555495501064,NU04-L2
8850291101908,NU04-L3
8850291281815,NU04-L3
8850291111808,NU04-L3
8850291101175,NU04-L3
6940188805933,NU04-L3
8842018005,NU04-L3
8850291101878,NU04-L3
8858150001475,NU04-L4
6925843404249,NU04-L4
6953320090678,NU04-L4
8938502623231,NU04-L4
8850096750929,NU04-L5
8850096750691,NU04-L5
8850096750356,NU04-L5
8850291104497,NU04-L5
8850291104060,NU04-L5
014268100198,NU04-L6
8850096950077,NU04-L6
8850291104480,NU04-L6
8850291104084,NU04-L6
8850096950022,NU04-L6
8850189012262,NU04-L7
8850189012170,NU04-L7
8850096940030,NU04-L7
8850096940023,NU04-L7
8850096940092,NU04-L7
8846001521111,NU04-L7
8846001521104,NU04-L7
8846001521135,NU04-L7
8846001521128,NU04-L7
8936082040097,NU05-L1
8936082040028,NU05-L1
6940188803588,NU05-L1
6940188804479,NU05-L1
6920609900355,NU05-L2
6920609900799,NU05-L2
6924187820067,NU05-L3
6924187828759,NU05-L3
6921097092058,NU05-L3
873453007083,NU05-L3
6920609916189,NU05-L3
6920609900010,NU05-L3
8938502623262,NU05-L4
6924187851184,NU05-L4
6924187851160,NU05-L4
6924187856974,NU05-L4
6921836000085,NU05-L4
8938502623255,NU05-L5
8842018003,NU05-L5
6920580733133,NU05-L5
6920580759492,NU05-L5
6920580733140,NU05-L5
6920580733157,NU05-L5
6921836000078,NU05-L5
6923490619863,NU05-L5
8842018006,NU05-L6
8842018004,NU05-L6
6944574400054,NU05-L6
6920580759751,NU05-L6
6920580787815,NU05-L6
6934895503473,NU05-L6
6970848740601,NU06-L1
6970848740625,NU06-L1
6970848740618,NU06-L1
6951957205755,NU06-L1
6951957207650,NU06-L1
6951957205786,NU06-L1
6971665530031,NU06-L1
6935284412918,NU06-L1
6951957205762,NU06-L1
6928458901400,NU06-L2
6971510400199,NU06-L2
6971510400212,NU06-L2
6928340401155,NU06-L2
6971062710869,NU06-L2
8852199181136,NU06-L3
8852199187121,NU06-L3
8852199186117,NU06-L3
8852199182119,NU06-L3
8852199180115,NU06-L3
6920104950978,NU06-L4
9999622667665,NU06-L4
8847101231658,NU06-L4
9999012879623,NU06-L4
9999622668853,NU06-L4
6935647180546,NU06-L5
9999622667986,NU06-L5
8847101231023,NU06-L5
8847101231764,NU06-L5
9999012104589,NU06-L5
8847101231863,NU06-L6
9999012863356,NU06-L6
9999012867897,NU06-L6
8846001524655,NU06-L6
8846001522651,NU06-L6
8846001524662,NU06-L6
8846001523672,NU06-L6
8846001523658,NU06-L6
8809094842112,NU07-L1
6902890237754,NU07-L1
6902890235118,NU07-L1
6902890233923,NU07-L1
6902890229360,NU07-L1
6902890234180,NU07-L1
6902890233893,NU07-L1
6902890022558,NU07-L1
6941174494100,NU07-L1
8846600069991,NU07-L1
6924160714949,NU07-L1
6902890224457,NU07-L1
6902890257646,NU07-L1
6902890022497,NU07-L1
8809016763006,NU07-L1
6933066001367,NU07-L2
6956536500047,NU07-L3
6959506500337,NU07-L3
6922594600067,NU07-L3
6920708470322,NU07-L4
6920708470315,NU07-L4
6937221700690,NU07-L4
6956536500313,NU07-L5
6922594600050,NU07-L5
6922145800526,NU07-L5
6937221715724,NU07-L5
6933066000216,NU07-L6
6944978703744,NU07-L6
6956536525989,NU07-L6
6959506500054,NU07-L6
8852116805220,NU08-L1
8852116805244,NU08-L1
8854579003342,NU08-L1
8847102492164,NU08-L1
8847102492157,NU08-L1
8852116807750,NU08-L1
8858702403597,NU08-L2
8858702415262,NU08-L3
8858702403603,NU08-L3
8857107231781,NU08-L4
8858702414173,NU08-L4
8858702411806,NU08-L4
8858702413664,NU08-L5
8857107231927,NU08-L5
8809094848220,NU08-L6
8809094848206,NU08-L6
8809094848213,NU08-L6
8854579003298,NU09-L1
8858702410854,NU09-L1
8858702402026,NU09-L1
8852116805947,NU09-L1
8858752600601,NU09-L1
8854579002734,NU09-L1
8858752600274,NU09-L2
8854579003687,NU09-L2
8858702410885,NU09-L2
8858702410823,NU09-L2
8858702401272,NU09-L3
8858702401265,NU09-L4
8858702403672,NU09-L5
8852116805497,NU09-L6
8852116805473,NU09-L6
8858702402033,NU09-L6
8858702404273,NU09-L6
8858702403634,NU09-L6
8858702403689,NU09-L6
6942196400087,NU10-L1
6930954208488,NU10-L1
6921585442341,NU10-L1
8936002400543,NU10-L1
8858702410285,NU10-L1
807176703809,NU10-L1
8938506718155,NU10-L2
8938510945288,NU10-L3
8938506718162,NU10-L3
8936045100233,NU10-L3
8938502375918,NU10-L4
8936045100240,NU10-L4
8935034312114,NU10-L4
8938500626944,NU10-L4
8936002400666,NU10-L5
8936002400536,NU10-L5
8936045100028,NU10-L5
8938502375895,NU10-L5
8938510945202,NU10-L5
8936045100721,NU11-L1
8938502408104,NU11-L2
8936002400727,NU11-L2
8938502375215,NU11-L3
8936045100257,NU11-L3
8938502375932,NU11-L3
8936045100011,NU11-L4
8938510945226,NU11-L4
8938500626869,NU11-L4
8938500626630,NU11-L4
8938502375901,NU11-L5
8936002400741,NU11-L5
8938500626883,NU11-L5
8847103290103,NU12-L1
8847103290172,NU12-L1
6921585446189,NU12-L2
6921585446233,NU12-L2
6921585446202,NU12-L2
6921585446257,NU12-L2
6921585446226,NU12-L2
835098001307,NU12-L2
835098001109,NU12-L2
6921585446158,NU12-L3
6921585446172,NU12-L3
6921585446134,NU12-L3
6921585446165,NU12-L3
6921585445984,NU12-L3
6921585446240,NU12-L3
802763020888,NU12-L3
9555081188402,NU12-L3
6921585446066,NU12-L3
6921585446196,NU12-L3
6920708432382,NU12-L4
6920708432368,NU12-L4
8850291100376,NU12-L5
070450021955,NU12-L5
8847102811132,NU12-L5
8858223005874,NU12-L6
8847101230675,NU12-L6
8846000960454,NU12-L6
8847103290196,NU13-L1
8847103290165,NU13-L1
8847103290028,NU13-L1
8847103290059,NU13-L2
8847103290035,NU13-L2
8847103290042,NU13-L2
8847103290011,NU13-L2
8847103290127,NU13-L2
8847103290097,NU13-L2
8847103290134,NU13-L2
8847103290073,NU13-L2
072810500087,NU13-L3
8846000189220,NU13-L3
8846600196741,NU13-L3
8846600196727,NU13-L3
8846600196710,NU13-L3
8846600196703,NU13-L4
8846600197038,NU13-L4
8846600197076,NU13-L4
8846000960812,NU13-L5
8846000960140,NU13-L5
8846000960126,NU13-L5
8846000960539,NU13-L5
8846000960133,NU13-L5
8846000960850,NU13-L5
6921585446004,NU13-L5
8846000960584,NU13-L6
8846000960560,NU13-L6
8846000960546,NU13-L6
8846000960553,NU13-L6
8846000960577,NU13-L6
8847101820364,NU14-L1
8847101820388,NU14-L1
8847101820357,NU14-L1
8848888880398,NU14-L1
8847101820340,NU14-L2
8847101820371,NU14-L2
8848888880404,NU14-L2
8847101823570,NU14-L3
8847101820210,NU14-L3
8847101820098,NU14-L3
8847101820005,NU14-L4
8847101820081,NU14-L4
8847101823587,NU14-L4
8847101820074,NU14-L5
8847101820128,NU14-L5
8847101820029,NU14-L5
8847101820067,NU14-L5
8847101833005,NU14-L6
8847101833050,NU14-L6
8847101833029,NU14-L6
8847101850071,NU14-L6
8847101870079,NU14-L6
6921585446271,NU14-L6